bank_name,month_year,current_td_pct,prev_month_td_pct,td_spike_diff,total_volume_mn
"Sarva Haryana Gramin Bank",2025-10,100.00,3.51,96.49,27.74
"Andhra Pradesh Grameena Vikas Bank",2024-02,96.00,1.51,94.49,26.19
"Rajasthan Marudhara Gramin Bank",2024-04,99.00,4.78,94.22,24.19
"Sarva Haryana Gramin Bank",2024-07,96.00,2.32,93.68,20.25
"Bank of Baroda",2024-05,95.00,1.59,93.41,930.35
"AU Small Finance Bank",2025-11,95.00,1.81,93.19,79.93
"Kerala Gramin Bank",2024-03,96.00,2.88,93.12,27.13
"Bandhan Bank",2024-03,97.00,4.04,92.96,54.03
"India Post Payments Bank Limited",2025-08,93.00,0.12,92.88,674.59
"Andhra Pradesh Grameena Bank",2025-12,93.00,1.56,91.44,39.67
"Central Bank Of India",2024-10,92.00,1.45,90.55,241.37
"Andhra Pradesh Grameena Vikas Bank - IMPS",2024-08,91.00,3.38,87.62,28.61
"Punjab and Sind Bank",2025-08,86.00,0.87,85.13,59.04
"Kerala Gramin Bank",2024-10,85.00,2.15,82.85,38.22
"IDBI Bank Ltd.",2025-08,83.00,0.22,82.78,206.69
"Bandhan Bank Limited",2024-10,84.00,1.67,82.33,74.83
"Bank of India",2024-02,90.00,8.00,82.00,389.19
"AU small Finance Bank",2024-05,83.00,1.05,81.95,47.67
"JIO Payments Bank Ltd",2024-12,83.00,1.24,81.76,33.99
"Maharashtra Gramin Bank",2024-03,83.00,1.75,81.25,25.45
"Punjab National Bank",2024-12,91.00,10.00,81.00,954.15
"UCO Bank",2024-03,91.00,11.00,80.00,171.87
"Jammu and Kashmir Bank",2024-03,80.00,1.30,78.70,52.39
"Punjab and Sind Bank",2025-11,83.00,4.98,78.02,59.84
"Kerala Gramin Bank",2025-11,78.00,2.08,75.92,52.13
"State Bank Of India",2024-02,94.00,19.00,75.00,3135.27
"Union Bank of India",2025-08,75.00,0.20,74.80,1233.20
"Maharashtra Gramin Bank",2025-11,76.00,1.49,74.51,37.47
"Kerala Gramin Bank",2024-06,74.00,1.37,72.63,29.43
"India Post Payments Bank Limited",2025-10,74.00,1.44,72.56,712.41
"India Post Payments Bank Ltd",2024-08,74.00,2.38,71.62,349.66
"Punjab and Sind Bank",2026-01,71.00,1.41,69.59,63.67
"Telangana Grameena Bank",2025-12,71.00,1.57,69.43,47.72
"HDFC BANK LTD",2024-02,69.00,0.00,69.00,1049.59
"India Post Payment Bank",2024-05,70.00,1.16,68.84,317.28
"JIO PAYMENTS BANK LTD",2026-01,71.00,2.75,68.25,90.12
"Central Bank of India",2026-06,68.00,1.54,66.46,427.37
"JIO Payments Bank Ltd",2025-09,70.00,3.55,66.45,63.71
"Rajasthan Marudhara Gramin Bank",2026-03,68.00,1.86,66.14,64.16
"Idbi Bank Ltd.",2026-05,77.00,11.00,66.00,234.77
"Rajasthan Marudhara Gramin Bank",2026-05,71.00,6.03,64.97,67.91
"Central Bank of India",2025-09,66.00,1.08,64.92,311.91
"AU Small Finance Bank",2025-09,66.00,2.33,63.67,77.16
"Indian Overseas Bank",2025-08,64.00,0.76,63.24,330.15
"Chaitanya Godavari Grameena Bank",2026-05,64.00,1.03,62.97,50.14
"Standard Chartered Bank",2024-11,64.00,1.24,62.76,25.87
"KERALA GRAMIN BANK",2026-06,92.00,30.00,62.00,61.20
"Ujjivan Small Finance Bank",2024-02,63.00,1.59,61.41,37.90
"Canara Bank",2025-11,67.00,6.00,61.00,1012.47
"Tamilnad Mercantile Bank Limited",2026-02,70.00,9.00,61.00,59.48
"Airtel Payments Bank",2024-04,72.00,12.00,60.00,395.64
"Kotak Mahindra Bank",2024-09,68.00,9.00,59.00,771.17
"Federal Bank Ltd.",2025-08,59.00,0.11,58.89,266.43
"Karur Vysya Bank",2025-08,59.00,0.81,58.19,95.13
"UCO Bank",2024-09,70.00,12.00,58.00,202.25
"Tamilnad Mercantile Bank",2024-04,59.00,1.75,57.25,36.11
"India Post Payments Bank Limited",2026-04,76.00,19.00,57.00,869.56
"State Bank Of India",2024-04,89.00,32.00,57.00,3581.27
"RBL Bank Ltd.",2025-08,56.00,0.48,55.52,32.15
"State Bank of India",2024-11,57.00,1.61,55.39,4182.13
"Punjab National Bank",2026-05,87.00,32.00,55.00,1397.83
"Union Bank Of India",2024-08,65.00,10.00,55.00,941.93
"Idbi Bank Ltd.",2026-03,54.00,0.00,54.00,228.49
"Slice Small Finance Bank Limited",2026-03,54.00,0.00,54.00,66.82
"State Bank Of India",2024-09,75.00,21.00,54.00,4067.05
"Saraswat Co-operative Bank",2024-09,66.00,13.00,53.00,24.88
"Standard Chartered Bank",2024-09,56.00,3.00,53.00,25.65
"Au Small Finance Bank",2026-04,62.00,10.00,52.00,89.99
"Bank of Baroda",2026-06,59.00,7.00,52.00,1693.24
"Bank Of India",2026-02,57.00,5.00,52.00,644.12
"Central Bank of India",2026-02,80.00,28.00,52.00,357.01
"ICICI Bank Ltd.",2025-08,52.00,0.02,51.98,752.78
"Bandhan Bank Limited",2026-05,93.00,42.00,51.00,101.98
"Ujjivan Small Finance Bank Limited",2026-04,75.00,25.00,50.00,63.65
"Fino Payments Bank Ltd.",2025-12,51.00,1.34,49.66,257.61
"Saraswat Co-operative Bank",2025-09,51.00,1.37,49.63,29.27
"IDBI Bank Limited",2024-04,51.00,1.47,49.53,151.25
"Fino Payments Bank Limited",2024-04,51.00,1.48,49.52,134.12
"Bandhan Bank Limited",2026-03,74.00,25.00,49.00,102.11
"Bank Of India",2024-07,81.00,32.00,49.00,462.31
"RBL Bank Ltd.",2026-01,56.00,7.00,49.00,31.06
"The Jammu & Kashmir Bank Limited",2025-12,50.00,1.23,48.77,107.49
"NSDL Payments Bank Limited",2026-06,87.00,39.00,48.00,81.77
"Sarva Haryana Gramin Bank",2024-03,50.00,3.00,47.00,17.71
"Standard Chartered",2024-04,66.00,19.00,47.00,24.01
"The Jammu & Kashmir Bank Limited",2025-09,47.00,1.17,45.83,94.62
"Indian Bank",2026-05,52.00,8.00,44.00,804.65
"Union Bank of India",2025-12,58.00,14.00,44.00,1346.98
"Bank of Baroda",2024-03,45.00,1.03,43.97,882.82
"Ujjivan Small Finance Bank Limited",2025-09,45.00,1.28,43.72,53.83
"Esaf Small Finance Bank Ltd",2026-03,69.00,26.00,43.00,38.08
"Federal Bank",2024-05,47.00,4.00,43.00,212.71
"Indian Overseas Bank",2024-12,65.00,22.00,43.00,257.21
"Indusind Bank Ltd.",2025-11,74.00,31.00,43.00,218.34
"Indian Overseas Bank",2024-05,44.00,1.74,42.26,197.96
"Canara Bank",2024-08,78.00,36.00,42.00,722.42
"Central Bank of India",2025-11,93.00,51.00,42.00,334.49
"INDUSIND BANK",2024-04,89.00,47.00,42.00,150.57
"Tamilnad Mercantile Bank Limited",2026-05,72.00,30.00,42.00,67.33
"UCO Bank",2025-09,79.00,37.00,42.00,281.68
"Central Bank of India",2024-12,43.00,1.07,41.93,244.52
"State Bank of India",2025-08,42.00,0.61,41.39,5368.74
"ESAF Small Finance Bank Ltd",2025-11,64.00,23.00,41.00,34.85
"UCO Bank",2024-07,68.00,27.00,41.00,194.92
"AU small Finance Bank",2026-01,56.00,16.00,40.00,87.17
"IDFC Bank Ltd.",2026-02,42.00,2.00,40.00,143.48
"ESAF Small Finance Bank Ltd.",2024-04,40.00,1.06,38.94,21.48
"IDFC Bank Ltd.",2024-10,44.00,6.00,38.00,99.72
"Tamilnad Mercantile Bank Limited",2025-12,83.00,45.00,38.00,62.47
"Kotak Mahindra Bank",2024-05,39.00,1.78,37.22,746.83
"Saraswat Co-Operative Bank",2026-05,100.00,63.00,37.00,35.29
"Ujjivan Small Finance Bank",2024-05,61.00,24.00,37.00,45.10
"UCO Bank",2025-08,37.00,0.18,36.82,283.93
"NSDL Payments Bank Limited",2025-11,69.00,33.00,36.00,58.75
"Yes Bank Ltd",2024-04,53.00,17.00,36.00,106.01
"Canara Bank",2025-08,36.00,0.24,35.76,970.63
"Nsdl Payments Bank Limited",2026-05,39.00,3.67,35.33,84.08
"Bank Of India",2025-11,66.00,31.00,35.00,637.79
"ICICI Bank Ltd.",2026-01,40.00,5.00,35.00,764.26
"Kotak Mahindra Bank",2025-11,38.00,3.00,35.00,1010.55
"Ujjivan Small Finance Bank Limited",2024-12,72.00,38.00,34.00,48.39
"Bank of Maharashtra",2024-12,48.00,15.00,33.00,188.42
"ESAF SMALL FINANCE BANK LTD",2026-01,63.00,30.00,33.00,37.02
"Equitas Small Finance Bank",2025-08,33.00,0.01,32.99,29.43
"Canara Bank",2024-05,98.00,66.00,32.00,670.33
"Karnataka Bank",2024-10,50.00,18.00,32.00,126.09
"NSDL Payments Bank Limited",2025-10,33.00,1.40,31.60,58.08
"Sarva Haryana Gramin Bank",2024-10,36.00,4.47,31.53,21.22
"Bank Of India",2024-06,32.00,1.68,30.32,444.39
"Central Bank of India",2024-07,32.00,1.74,30.26,211.52
"Saraswat Bank",2024-04,62.00,32.00,30.00,23.34
"Punjab National Bank",2024-05,31.00,1.11,29.89,785.36
"BANDHAN BANK LIMITED",2026-01,29.00,0.00,29.00,99.04
"Canara Bank",2024-04,66.00,37.00,29.00,642.10
"DBS Bank India Limited",2024-11,44.00,15.00,29.00,28.24
"IDBI Bank",2024-09,55.00,26.00,29.00,167.82
"Karur Vysya Bank",2024-06,47.00,18.00,29.00,67.93
"Fino Payments Bank Ltd.",2026-05,50.00,22.00,28.00,286.37
"Punjab National Bank",2025-12,56.00,28.00,28.00,1206.23
"RBL Bank Ltd.",2025-11,38.00,10.00,28.00,28.73
"Rbl Bank Ltd.",2026-04,61.00,33.00,28.00,30.92
"State Bank of India",2025-12,57.00,29.00,28.00,5833.74
"Tamilnad Mercantile Bank",2024-02,54.00,26.00,28.00,32.68
"Karnataka Bank",2024-05,29.00,1.05,27.95,110.31
"Karur Vysya Bank",2024-10,29.00,1.25,27.75,79.62
"Bank Of Maharashtra",2026-03,28.00,1.00,27.00,260.31
"Central Bank of India",2024-08,59.00,32.00,27.00,218.28
"Federal Bank Ltd.",2024-10,31.00,4.00,27.00,238.16
"Slice Small Finance Bank Limited",2026-06,31.00,4.00,27.00,65.27
"Punjab and Sind Bank",2024-05,36.00,9.01,26.99,38.16
"Tamilnad Mercantile Bank Limited",2025-09,28.00,1.28,26.72,55.19
"Bank of Baroda",2024-07,59.00,33.00,26.00,954.81
"Bank Of India",2026-06,31.00,5.00,26.00,736.01
"Equitas Small Finance Bank",2026-05,32.00,6.00,26.00,30.79
"Fino Payments Bank Ltd.",2026-01,77.00,51.00,26.00,229.08
"IDBI Bank Ltd.",2025-12,40.00,14.00,26.00,216.21
"Tamilnad Mercantile Bank Limited",2024-08,46.00,20.00,26.00,41.50
"Indusind Bank Ltd.",2025-08,26.00,0.10,25.90,216.95
"Canara Bank",2024-12,68.00,43.00,25.00,818.65
"The South Indian Bank Limited",2026-05,39.00,14.00,25.00,85.44
"Karnataka Gramin Bank",2025-12,27.00,2.29,24.71,53.94
"Bank of Maharashtra",2025-09,30.00,6.00,24.00,213.37
"Equitas Bank",2024-03,28.00,4.00,24.00,32.26
"Sarva Haryana Gramin Bank",2024-04,74.00,50.00,24.00,18.34
"Bank of Maharashtra",2024-08,25.00,1.15,23.85,163.62
"The South Indian Bank Limited",2025-08,24.00,0.24,23.76,76.06
"City Union Bank",2024-08,49.00,26.00,23.00,44.59
"Karnataka Bank",2024-02,82.00,59.00,23.00,95.34
"Saraswat Co-operative Bank",2024-12,37.00,14.00,23.00,28.07
"Airtel Payments Bank",2024-02,24.00,1.07,22.93,344.18
"Indian Overseas Bank",2024-07,24.00,1.48,22.52,210.05
"Union Bank of India",2024-05,24.00,1.59,22.41,876.18
"State Bank of India",2025-09,64.00,42.00,22.00,5275.12
"Fino Payments Bank Limited",2024-08,39.00,18.00,21.00,151.38
"ICICI Bank",2024-02,29.00,8.00,21.00,539.76
"Karur Vysya Bank",2024-12,39.00,19.00,20.00,83.14
"RBL Bank Limited",2024-05,92.00,72.00,20.00,16.38
"Indian Overseas Bank",2026-01,21.00,1.01,19.99,383.18
"Indian Overseas Bank",2024-11,22.00,2.19,19.81,232.93
"Karur Vysya Bank",2024-04,22.00,2.51,19.49,65.73
"Bank of Maharashtra",2025-12,27.00,8.00,19.00,241.41
"Punjab National Bank",2026-04,32.00,13.00,19.00,1315.38
"UCO Bank",2026-02,21.00,2.00,19.00,298.32
"Union Bank Of India",2026-03,20.00,1.00,19.00,1451.37
"YES Bank Ltd.",2024-11,40.00,21.00,19.00,155.30
"Punjab National Bank",2025-08,19.00,0.19,18.81,1131.31
"City Union Bank",2026-03,38.00,20.00,18.00,62.47
"Kerala Gramin Bank",2026-04,41.00,23.00,18.00,57.67
"The South Indian Bank Limited",2025-11,24.00,6.00,18.00,77.11
"Ujjivan Small Finance Bank Limited",2026-03,25.00,7.00,18.00,64.24
"Yes Bank Ltd.",2024-08,23.00,5.00,18.00,126.41
"Sarva Haryana Gramin Bank",2026-03,20.00,2.66,17.34,29.02
"Standard Chartered",2024-03,19.00,1.78,17.22,25.13
"Airtel Payments Bank Limited",2025-11,23.00,6.00,17.00,655.90
"BANDHAN BANK LIMITED",2025-09,32.00,15.00,17.00,91.72
"HDFC Bank Ltd",2024-06,23.00,6.00,17.00,1191.85
"IDFC FIRST Bank",2024-03,28.00,11.00,17.00,83.30
"Indian Bank",2025-11,28.00,11.00,17.00,688.17
"Ujjivan Small Finance Bank Limited",2025-10,62.00,45.00,17.00,56.36
"Bank Of Maharashtra",2026-05,31.00,15.00,16.00,263.89
"DBS Bank India Limited",2024-02,27.00,11.00,16.00,24.28
"Fino Payments Bank Ltd.",2026-04,22.00,6.00,16.00,268.50
"Icici Bank Ltd.",2026-03,16.00,0.00,16.00,768.31
"Karur Vysya Bank",2024-02,50.00,34.00,16.00,60.33
"Punjab and Sind Bank",2024-07,52.00,36.00,16.00,40.75
"Punjab and Sind Bank",2024-09,65.00,49.00,16.00,43.54
"UCO Bank",2024-06,27.00,11.00,16.00,184.42
"Baroda UP Gramin Bank",2024-09,28.00,12.20,15.80,26.48
"AU small Finance Bank",2024-09,17.00,2.00,15.00,69.23
"City Union Bank",2026-02,20.00,5.00,15.00,57.07
"City Union Bank",2026-06,20.00,5.00,15.00,63.42
"Jio Payments Bank Ltd",2026-04,45.00,30.00,15.00,102.39
"Karur Vysya Bank",2026-03,29.00,14.00,15.00,108.15
"Saraswat Co-Operative Bank",2026-03,52.00,37.00,15.00,34.68
"The South Indian Bank Limited",2026-03,21.00,6.00,15.00,84.24
"Yes Bank Ltd.",2025-08,15.00,0.11,14.89,177.66
"Bank Of India",2025-09,19.00,4.32,14.68,603.94
"Bandhan Bank limited",2025-08,15.00,0.67,14.33,92.44
"Canara Bank",2024-11,43.00,29.00,14.00,760.29
"DBS Bank India Limited",2026-02,22.00,8.00,14.00,29.90
"ICICI Bank Ltd.",2024-11,18.00,4.00,14.00,651.55
"Indusind Bank Ltd.",2026-02,30.00,16.00,14.00,222.25
"Karnataka Bank",2026-05,21.00,7.00,14.00,167.31
"Kotak Mahindra Bank",2026-03,14.00,0.00,14.00,1134.21
"Ujjivan Small Finance Bank Limited",2024-08,42.00,28.00,14.00,45.73
"Yes Bank Ltd",2024-02,24.00,10.00,14.00,93.40
"Indian Bank",2025-08,14.00,0.25,13.75,653.87
"AU Small Finance Bank",2024-11,20.00,7.00,13.00,70.55
"Canara Bank",2025-12,80.00,67.00,13.00,1076.87
"DBS Bank India Limited",2024-10,15.00,2.00,13.00,30.17
"EQUITAS SMALL FINANCE BANK",2026-06,45.00,32.00,13.00,29.99
"Kotak Mahindra Bank",2024-11,23.00,10.00,13.00,804.07
"Punjab and Sind Bank",2024-12,23.00,10.00,13.00,49.27
"Airtel Payments Bank Ltd",2024-07,14.00,1.01,12.99,430.92
"Kotak Mahindra Bank",2025-08,13.00,0.02,12.98,978.17
"Kotak Mahindra Bank",2024-03,14.00,1.42,12.58,703.56
"Airtel Payments Bank Ltd",2024-09,27.00,15.00,12.00,449.25
"AU Small Finance Bank",2024-12,32.00,20.00,12.00,74.62
"Bank Of India",2025-10,31.00,19.00,12.00,642.99
"Bank of Maharashtra",2024-10,42.00,30.00,12.00,187.72
"DBS Bank India Limited",2025-11,13.00,1.00,12.00,30.93
"Fincare Small Finance Bank Ltd",2024-04,59.00,47.00,12.00,21.68
"IDFC First Bank Ltd",2024-08,23.00,11.00,12.00,89.97
"Saraswat Co-operative Bank",2025-12,56.00,44.00,12.00,33.09
"State Bank Of India",2026-03,16.00,4.00,12.00,6262.10
"Airtel Payments Bank Limited",2025-08,12.00,0.11,11.89,637.23
"Airtel Payments Bank Limited",2025-09,23.00,12.00,11.00,626.60
"Airtel Payments Bank Limited",2026-04,34.00,23.00,11.00,772.45
"City Union Bank",2024-02,43.00,32.00,11.00,36.62
"Indian Bank",2026-03,12.00,1.00,11.00,794.12
"INDUSIND BANK Ltd.",2024-10,22.00,11.00,11.00,184.41
"Saraswat Co-Operative Bank",2026-04,63.00,52.00,11.00,34.24
"Tamilnad Mercantile Bank Limited",2025-10,39.00,28.00,11.00,57.59
"The Jammu & Kashmir Bank Limited",2026-03,25.00,14.00,11.00,108.13
"Union Bank of India",2026-06,12.00,1.00,11.00,1482.26
"Yes Bank Ltd.",2026-03,17.00,6.00,11.00,167.38
"City Union Bank",2025-08,11.00,0.14,10.86,57.26
"NSDL Payments Bank Limited",2025-02,15.71,5.00,10.71,30.80
"Au Small Finance Bank",2026-03,10.00,0.00,10.00,92.46
"Dbs Bank India Limited",2026-04,20.00,10.00,10.00,31.89
"IDBI Bank Ltd.",2024-12,26.00,16.00,10.00,186.20
"Karnataka Bank",2026-02,34.00,24.00,10.00,145.72
"Saraswat Co-operative Bank",2026-02,37.00,27.00,10.00,30.91
"Union Bank of India",2025-11,14.00,4.00,10.00,1274.78
"Maharashtra Gramin Bank",2024-07,11.07,1.61,9.46,25.52
"Bank Of India",2024-12,11.00,1.65,9.35,540.44
"Bank Of Baroda",2026-03,10.00,1.00,9.00,1649.23
"Bank of India",2024-10,54.00,45.00,9.00,538.24
"Central Bank Of India",2026-03,89.00,80.00,9.00,409.50
"City Union Bank",2024-09,58.00,49.00,9.00,44.30
"ESAF Small Finance Bank Ltd",2025-10,23.00,14.00,9.00,35.02
"IDFC Bank Ltd.",2025-10,12.00,3.00,9.00,121.18
"Indian Bank",2024-05,24.00,15.00,9.00,427.45
"Karnataka Bank",2025-09,16.00,7.00,9.00,141.24
"Karnataka Bank",2026-01,24.00,15.00,9.00,155.90
"Punjab National Bank",2024-06,40.00,31.00,9.00,783.70
"Rajasthan Marudhara Gramin Bank",2024-07,10.47,2.22,8.25,25.58
"AU small Finance Bank",2024-02,37.00,29.00,8.00,38.80
"Bank of Baroda",2025-09,13.00,5.00,8.00,1356.34
"City Union Bank",2024-05,37.00,29.00,8.00,41.63
"Federal Bank Ltd.",2025-12,11.00,3.00,8.00,287.32
"HDFC BANK LTD",2024-04,9.00,1.00,8.00,1157.04
"ICICI Bank Ltd.",2025-11,9.00,1.00,8.00,743.57
"IDFC FIRST Bank",2024-02,11.00,3.00,8.00,74.34
"Indian Overseas Bank",2026-04,10.00,2.00,8.00,412.91
"Indusind Bank Ltd.",2024-08,17.00,9.00,8.00,165.70
"Punjab And Sind Bank",2026-05,37.00,29.00,8.00,73.48
"Saraswat Co-operative Bank",2025-10,59.00,51.00,8.00,32.19
"Sarva Haryana Gramin Bank",2024-11,44.00,36.00,8.00,20.09
"South Indian Bank",2024-04,12.00,4.00,8.00,52.51
"Tamilnad Mercantile Bank Limited",2024-11,46.00,38.00,8.00,42.47
"Union Bank Of India",2024-11,23.00,15.00,8.00,990.08
"Yes Bank Ltd.",2025-11,17.00,9.00,8.00,175.69
"ESAF Small Finance Bank Ltd",2025-08,8.00,0.04,7.96,34.96
"IDFC Bank Ltd.",2025-08,8.00,0.18,7.82,120.47
"Baroda UP Gramin Bank",2024-03,15.22,8.19,7.03,22.31
"Airtel Payments Bank Limited",2026-02,25.00,18.00,7.00,680.62
"Bank of Baroda",2025-11,11.00,4.00,7.00,1420.10
"Canara Bank",2026-04,26.00,19.00,7.00,1152.59
"Equitas Small Finance Bank",2026-03,9.00,2.00,7.00,30.52
"Federal Bank",2024-02,26.00,19.00,7.00,187.90
"HDFC Bank Ltd.",2024-11,9.00,2.00,7.00,1305.92
"ICICI Bank Ltd.",2024-08,9.00,2.00,7.00,648.75
"Indian Bank",2024-10,18.00,11.00,7.00,513.28
"Indusind Bank Ltd.",2024-11,29.00,22.00,7.00,172.82
"Punjab National Bank",2024-10,18.00,11.00,7.00,955.82
"Punjab National Bank",2025-10,21.00,14.00,7.00,1156.34
"Punjab National Bank",2025-11,28.00,21.00,7.00,1130.68
"Punjab National Bank",2026-02,61.00,54.00,7.00,1150.14
"Saraswat Bank",2024-03,32.00,25.00,7.00,23.28
"State Bank Of India",2024-08,21.00,14.00,7.00,4052.31
"State Bank of India",2026-06,24.00,17.00,7.00,6316.41
"Uco Bank",2026-04,15.00,8.00,7.00,329.07
"Karnataka Bank",2024-12,8.00,1.01,6.99,132.76
"UCO Bank",2024-02,11.00,4.16,6.84,148.69
"Andhra Pragathi Grameena Bank",2024-10,11.34,4.68,6.66,21.92
"JIO Payments Bank Ltd",2025-03,7.23,0.62,6.61,48.73
"Karnataka Bank",2025-08,7.00,0.41,6.59,142.00
"Bank of Baroda",2024-12,10.00,4.00,6.00,1125.93
"Canara Bank",2026-06,15.00,9.00,6.00,1184.48
Citibank,2024-03,32.00,26.00,6.00,20.78
"Equitas Small Finance Bank Ltd",2024-07,77.00,71.00,6.00,33.37
"ESAF Small Finance Bank Ltd",2025-09,14.00,8.00,6.00,34.03
"HDFC Bank Ltd.",2024-08,6.00,0.00,6.00,1270.59
"Indian Bank",2025-09,20.00,14.00,6.00,647.09
"Tamilnad Mercantile Bank Limited",2025-11,45.00,39.00,6.00,57.69
"The South Indian Bank Limited",2025-09,30.00,24.00,6.00,73.96
"UCO Bank",2025-12,15.00,9.00,6.00,311.19
"Baroda U.P. Bank",2025-08,7.63,1.68,5.95,53.78
"Bank of Maharashtra",2025-08,6.00,0.13,5.87,218.97
"Standard Chartered Bank",2025-10,6.00,0.30,5.70,23.00
"DBS Bank India Limited",2025-09,7.00,1.48,5.52,30.33
"Andhra Pragathi Grameena Bank",2024-12,11.16,5.89,5.27,26.11
"The Jammu & Kashmir Bank Limited",2025-07,5.79,0.73,5.06,106.40
"Axis Bank Ltd.",2024-09,5.00,0.00,5.00,739.08
"Bank of Maharashtra",2024-09,30.00,25.00,5.00,165.00
"Fino Payments Bank Ltd.",2024-11,12.00,7.00,5.00,161.47
"Hdfc Bank Ltd.",2026-04,5.00,0.00,5.00,1669.79
"Indian Bank",2024-09,11.00,6.00,5.00,466.01
"The Jammu & Kashmir Bank Limited",2026-06,10.00,5.00,5.00,121.65
"The South Indian Bank Limited",2024-10,14.00,9.00,5.00,64.32
"Ujjivan Small Finance Bank Limited",2024-07,28.00,23.00,5.00,45.78
"Ujjivan Small Finance Bank Limited",2024-10,37.00,32.00,5.00,48.67
"Yes Bank Ltd.",2024-10,21.00,16.00,5.00,165.55
"Punjab and Sind Bank",2024-04,9.01,4.18,4.83,34.51
"Bank of Baroda",2025-08,5.00,0.22,4.78,1369.53
"Karnataka Gramin Bank (Erstwhile Pragathi Krishna Gramin Bank)",2024-08,7.83,3.13,4.70,30.19
"Karnataka Gramin Bank",2025-09,5.85,1.26,4.59,31.17
"TELANGANA GRAMEENA BANK",2026-06,6.07,1.57,4.50,57.90
"Andhra Pradesh Grameena Vikas Bank",2024-11,5.67,1.39,4.28,31.66
"Canara Bank",2026-03,19.00,15.00,4.00,1160.95
"City Union Bank",2025-09,15.00,11.00,4.00,56.06
"Equitas Bank",2024-02,4.00,0.00,4.00,28.88
"Federal Bank Ltd.",2026-02,7.00,3.00,4.00,266.98
"Fino Payments Bank Ltd.",2026-06,54.00,50.00,4.00,279.67
"HDFC Bank Ltd.",2026-02,9.00,5.00,4.00,1525.33
"Indian Bank",2024-08,6.00,2.00,4.00,462.16
"Indusind Bank Ltd.",2025-09,30.00,26.00,4.00,213.90
"Karnataka Bank",2025-10,20.00,16.00,4.00,147.34
"RBL Bank Ltd.",2024-11,35.00,31.00,4.00,23.47
"The South Indian Bank Limited",2024-09,9.00,5.00,4.00,60.27
"Union Bank of India",2024-06,28.00,24.00,4.00,869.16
"Yes Bank Ltd.",2026-06,17.00,13.00,4.00,169.88
"Andhra Pragathi Grameena Bank",2024-04,5.92,2.10,3.82,18.19
"Rajasthan Marudhara Gramin Bank",2025-01,5.43,1.79,3.64,31.82
"NSDL Payments Bank Limited",2025-01,5.00,1.40,3.60,29.28
"IDBI Bank Limited",2024-02,6.56,2.98,3.58,138.33
"The Jammu & Kashmir Bank Limited",2024-10,5.43,1.90,3.53,78.02
"Punjab and Sind Bank",2025-10,4.98,1.51,3.47,61.44
"Kerala Gramin Bank",2025-09,5.88,2.69,3.19,49.94
"NSDL Payments Bank Limited",2026-02,4.88,1.80,3.08,68.12
"Andhra Pragathi Grameena Bank",2024-09,4.68,1.61,3.07,18.96
"AU small Finance Bank",2026-06,23.00,20.00,3.00,94.61
"DBS Bank India Limited",2026-01,8.00,5.00,3.00,31.99
"Equitas Small Finance Bank",2024-12,6.00,3.00,3.00,32.91
"IDBI Bank",2024-07,54.00,51.00,3.00,161.72
"Rajasthan Marudhara Gramin Bank",2024-02,66.00,63.00,3.00,20.23
"The South Indian Bank Limited",2024-08,5.00,2.00,3.00,60.30
"UCO Bank",2026-06,9.00,6.00,3.00,341.95
"Baroda U.P. Bank",2026-03,10.17,7.26,2.91,90.10
"Andhra Pragathi Grameena Bank",2024-06,6.28,3.38,2.90,18.35
"ESAF Small Finance Bank Ltd",2025-03,4.26,1.57,2.69,31.85
"India Post Payments Bank Ltd.",2024-12,4.22,1.58,2.64,459.83
"Central Bank Of India",2024-02,7.80,5.18,2.62,179.35
"Baroda U.P. Bank",2025-09,10.22,7.63,2.59,54.02
"Sarva Haryana Gramin Bank",2025-08,3.51,1.01,2.50,26.50
"India Post Payment Bank",2024-03,5.98,3.81,2.17,312.23
"Sarva Haryana Gramin Bank",2025-02,2.90,0.73,2.17,20.73
"JIO Payments Bank Ltd",2025-08,3.55,1.39,2.16,61.01
"The Jammu & Kashmir Bank Limited",2025-02,2.36,0.21,2.15,80.46
"Telangana Grameena Bank",2025-06,2.79,0.70,2.09,41.11
"Rajasthan Marudhara Gramin Bank",2024-10,4.91,2.83,2.08,29.28
"Nsdl Payments Bank Limited",2026-04,3.67,1.63,2.04,80.35
"Maharashtra Gramin Bank",2026-03,3.46,1.43,2.03,44.51
"NSDL Payments Bank Limited",2024-09,5.49,3.47,2.02,20.08
"Axis Bank Ltd.",2024-04,3.00,1.00,2.00,609.02
"Axis Bank Ltd.",2024-12,3.00,1.00,2.00,810.01
"BANDHAN BANK LIMITED",2025-10,34.00,32.00,2.00,94.16
"Bank of Maharashtra",2026-06,33.00,31.00,2.00,258.36
"City Union Bank",2024-11,16.00,14.00,2.00,44.74
"ESAF Small Finance Bank Ltd.",2024-07,22.00,20.00,2.00,24.06
"Federal Bank Ltd.",2026-03,9.00,7.00,2.00,293.37
"HDFC Bank Ltd.",2026-01,5.00,3.00,2.00,1651.17
"ICICI Bank Ltd.",2024-10,4.00,2.00,2.00,709.27
"Icici Bank Ltd.",2026-05,2.00,0.00,2.00,795.41
"ICICI Bank Ltd.",2026-06,4.00,2.00,2.00,766.11
"IDFC Bank Ltd.",2026-06,5.00,3.00,2.00,164.31
"Jio Payments Bank Ltd",2026-03,30.00,28.00,2.00,101.97
"Karnataka Bank",2025-12,15.00,13.00,2.00,158.04
"Paytm Payments Bank",2024-03,3.00,1.00,2.00,98.18
"Punjab And Sind Bank",2026-03,28.00,26.00,2.00,69.58
"Punjab National Bank",2024-09,11.00,9.00,2.00,851.00
"Saraswat Bank",2024-05,64.00,62.00,2.00,23.75
"South Indian Bank",2024-03,4.00,2.00,2.00,53.06
"Standard Chartered Bank",2024-08,3.00,1.00,2.00,26.22
"State Bank of India",2024-06,22.00,20.00,2.00,3738.00
"Tamilnad Mercantile Bank Limited",2024-10,38.00,36.00,2.00,44.76
"The South Indian Bank Limited",2024-12,9.00,7.00,2.00,66.90
"The South Indian Bank Limited",2026-01,6.00,4.00,2.00,81.99
"UCO Bank",2024-12,12.00,10.00,2.00,225.35
"Ujjivan Small Finance Bank",2024-04,24.00,22.00,2.00,42.92
"Airtel Payments Bank Limited",2025-02,2.41,0.45,1.96,494.58
"Axis Bank Ltd.",2025-08,2.00,0.04,1.96,902.87
"Baroda U.P. Bank",2025-01,3.23,1.29,1.94,35.83
"Maharashtra Gramin Bank",2024-12,3.03,1.09,1.94,29.54
"Maharashtra Gramin Bank",2026-06,3.00,1.08,1.92,44.47
"Bank Of India",2025-08,4.32,2.44,1.88,605.10
"Pragathi Krishna Gramin Bank",2024-09,3.57,1.83,1.74,28.74
"Andhra Pragathi Grameena Bank",2024-07,7.99,6.28,1.71,17.96
"AU Small Finance Bank",2025-08,2.33,0.68,1.65,79.26
"Karnataka Gramin Bank",2025-04,2.80,1.16,1.64,34.52
"Pragathi Krishna Gramin Bank",2024-04,3.72,2.10,1.62,26.83
"Baroda U.P. Bank",2026-05,4.91,3.33,1.58,92.52
"Bank of Maharashtra",2024-03,4.83,3.26,1.57,153.39
"SARVA HARYANA GRAMIN BANK",2026-02,2.66,1.10,1.56,26.06
"Karnataka Gramin Bank",2026-04,2.58,1.14,1.44,61.40
"Andhra Pragathi Grameena Bank",2025-06,4.26,2.85,1.41,29.66
"DBS Bank India Limited",2025-08,1.48,0.15,1.33,31.37
"Andhra Pragathi Grameena Bank",2025-04,5.22,3.91,1.31,28.12
"Karnataka Gramin Bank",2024-11,3.41,2.13,1.28,30.31
"ESAF Small Finance Bank Ltd",2025-02,1.57,0.31,1.26,28.79
"Telangana Grameena Bank",2026-04,3.09,1.84,1.25,53.21
"Maharashtra Gramin Bank",2025-04,2.73,1.50,1.23,35.66
"Saraswat Co-operative Bank",2025-08,1.37,0.15,1.22,30.02
"Karnataka Gramin Bank",2025-06,2.56,1.36,1.20,34.24
"Jio Payments Bank limited",2024-08,2.94,1.75,1.19,20.10
"Bank Of India",2025-07,2.44,1.30,1.14,606.19
"Sarva Haryana Gramin Bank",2025-05,2.87,1.73,1.14,26.07
"Tamilnad Mercantile Bank Limited",2025-07,1.27,0.15,1.12,55.91
"Indian Overseas Bank",2024-09,2.71,1.64,1.07,221.41
"Kerala Gramin Bank",2025-08,2.69,1.64,1.05,50.92
"Maharashtra Gramin Bank",2024-10,2.27,1.23,1.04,29.85
"Kerala Gramin Bank",2024-08,2.87,1.85,1.02,34.73
"Punjab and Sind Bank",2024-03,4.18,3.16,1.02,36.91
"Airtel Payments Bank Limited",2025-12,24.00,23.00,1.00,713.93
"Airtel Payments Bank Ltd",2024-08,15.00,14.00,1.00,437.93
"Axis Bank Ltd.",2024-10,6.00,5.00,1.00,827.97
"Axis Bank Ltd.",2025-12,1.00,0.00,1.00,1107.12
"Axis Bank Ltd.",2026-04,1.00,0.00,1.00,1017.31
"Bank of Baroda",2024-08,60.00,59.00,1.00,985.86
"Bank Of Baroda",2026-05,7.00,6.00,1.00,1713.53
"Bank Of India",2026-05,5.00,4.00,1.00,749.48
"Canara Bank",2024-02,45.00,44.00,1.00,578.21
"Citi Bank",2024-05,37.00,36.00,1.00,20.03
"City Union Bank",2025-10,16.00,15.00,1.00,57.97
"EQUITAS SMALL FINANCE BANK",2026-01,2.00,1.00,1.00,29.41
"ESAF Small Finance Bank Ltd",2024-11,11.00,10.00,1.00,27.19
"Federal Bank Ltd.",2024-09,4.00,3.00,1.00,220.03
"HDFC Bank Ltd.",2025-10,2.00,1.00,1.00,1638.91
"HDFC Bank Ltd.",2025-12,3.00,2.00,1.00,1654.30
"Idfc Bank Ltd.",2026-04,4.00,3.00,1.00,143.99
"INDIA POST PAYMENTS BANK LIMITED",2026-01,64.00,63.00,1.00,832.71
"Indusind Bank Ltd.",2025-10,31.00,30.00,1.00,225.19
"Karur Vysya Bank",2026-01,13.00,12.00,1.00,101.30
"Karur Vysya Bank",2026-02,14.00,13.00,1.00,96.54
"Punjab And Sind Bank",2026-04,29.00,28.00,1.00,69.04
"State Bank Of India",2026-04,17.00,16.00,1.00,6183.11
"The Jammu & Kashmir Bank Limited",2026-05,5.00,4.00,1.00,126.89
"Ujjivan Small Finance Bank Limited",2024-11,38.00,37.00,1.00,45.21
"Union Bank Of India",2026-05,1.00,0.00,1.00,1508.82
"Karnataka Gramin Bank",2024-12,4.36,3.41,0.95,32.82
"Standard Chartered Bank",2025-04,0.97,0.03,0.94,27.01
"Telangana Grameena Bank",2025-08,2.47,1.54,0.93,40.42
"HDFC Bank Ltd.",2025-08,1.00,0.08,0.92,1581.09
"Andhra Pragathi Grameena Bank",2025-01,12.07,11.16,0.91,25.58
"Rajasthan Marudhara Gramin Bank",2025-07,2.38,1.47,0.91,36.15
"Maharashtra Gramin Bank",2025-08,2.44,1.56,0.88,38.08
"Ujjivan Small Finance Bank Limited",2025-07,1.16,0.30,0.86,54.99
"Rajasthan Marudhara Gramin Bank",2025-06,1.47,0.62,0.85,33.30
"Bandhan Bank limited",2024-12,2.34,1.55,0.79,76.61
"Fino Payments Bank Ltd.",2025-08,1.42,0.64,0.78,237.47
"JIO Payments Bank Ltd",2025-12,2.75,1.97,0.78,85.37
"Maharashtra Gramin Bank",2025-07,1.56,0.85,0.71,37.37
"Kerala Gramin Bank",2025-03,1.32,0.63,0.69,43.54
"Maharashtra Gramin Bank",2025-09,3.12,2.44,0.68,30.47
"Bank of Maharashtra",2024-05,2.06,1.39,0.67,152.68
"Baroda U.P. Bank",2025-03,2.51,1.84,0.67,43.22
"Karnataka Bank",2025-04,1.27,0.61,0.66,137.30
"Fino Payments Bank Ltd.",2025-06,0.88,0.23,0.65,209.27
"AU Small Finance Bank",2025-07,0.68,0.04,0.64,77.71
"Bandhan Bank Limited",2024-09,1.67,1.03,0.64,68.05
"Baroda U.P. Bank",2025-05,2.04,1.40,0.64,45.69
"Indian Overseas Bank",2024-03,2.42,1.84,0.58,188.01
"Kerala Gramin Bank",2025-06,1.58,1.02,0.56,43.30
"SARVA HARYANA GRAMIN BANK",2026-06,1.64,1.08,0.56,30.99
"State Bank of India",2025-03,0.90,0.34,0.56,4956.07
"Uttar Pradesh Gramin Bank",2025-12,4.06,3.50,0.56,71.45
"Fino Payments Bank Ltd.",2025-10,1.86,1.32,0.54,248.52
"ESAF SMALL FINANCE BANK LTD",2026-06,2.03,1.50,0.53,37.65
"Indian Overseas Bank",2024-02,1.84,1.31,0.53,168.40
"Punjab and Sind Bank",2025-06,1.06,0.53,0.53,55.07
"Union Bank of India",2024-02,1.68,1.15,0.53,754.01
"Karur Vysya Bank",2025-07,0.81,0.29,0.52,95.01
"Telangana Grameena Bank",2026-03,1.84,1.33,0.51,52.64
"Central Bank Of India",2024-04,3.83,3.33,0.50,200.60
"Ujjivan Small Finance Bank Limited",2025-03,0.60,0.10,0.50,53.09
