bank_name,month_year,remitter_td_pct,beneficiary_td_pct,remitter_debit_friction_delta,remitter_lost_vol_mn,beneficiary_lost_vol_mn
"Rajasthan Marudhara Gramin Bank",2024-04,99.00,0.19,98.81,23.95,0.02
"Canara Bank",2024-05,98.00,0.87,97.13,656.92,2.65
"INDUSIND BANK",2024-01,97.00,0.62,96.38,121.86,0.80
"Bank of Maharashtra",2024-01,97.00,0.84,96.16,132.20,0.45
"Bandhan Bank",2024-03,97.00,1.14,95.86,52.41,0.37
"Andhra Pradesh Grameena Vikas Bank",2024-02,96.00,0.40,95.60,25.14,0.05
"Kerala Gramin Bank",2024-03,96.00,0.45,95.55,26.04,0.07
"Andhra Pragathi Grameena Bank",2024-02,96.00,0.98,95.02,14.32,0.08
"Bank of Baroda",2024-05,95.00,0.45,94.55,883.83,1.80
"AU Small Finance Bank",2025-11,95.00,0.80,94.20,75.93,0.29
"State Bank Of India",2024-02,94.00,0.93,93.07,2947.15,12.56
"Andhra Pradesh Grameena Bank",2025-12,93.00,0.55,92.45,36.89,0.11
"Fino Payments Bank Limited FIP",2024-01,93.00,0.62,92.38,107.08,0.28
"Central Bank of India",2025-11,93.00,0.65,92.35,311.08,0.98
"India Post Payments Bank Limited",2025-08,93.00,0.94,92.06,627.37,2.78
"Bandhan Bank Limited",2026-05,93.00,1.07,91.93,94.84,0.65
"Central Bank Of India",2024-10,92.00,0.51,91.49,222.06,0.59
"KERALA GRAMIN BANK",2026-06,92.00,0.65,91.35,56.30,0.22
"Punjab National Bank",2024-12,91.00,0.38,90.62,868.28,1.46
"UCO Bank",2024-03,91.00,0.48,90.52,156.40,0.40
"Fincare Small Finance Bank Ltd",2024-01,92.00,1.57,90.43,16.11,0.13
"Bank of India",2024-02,90.00,0.66,89.34,350.27,1.19
"Bandhan Bank Ltd.",2024-06,90.00,0.99,89.01,53.33,0.35
"INDUSIND BANK",2024-04,89.00,0.64,88.36,134.01,0.79
"Central Bank Of India",2026-03,89.00,0.65,88.35,364.46,1.15
"State Bank Of India",2024-04,89.00,0.89,88.11,3187.33,13.46
"NSDL Payments Bank Limited",2026-06,87.00,0.50,86.50,71.14,0.61
"Punjab National Bank",2026-05,87.00,0.75,86.25,1216.11,4.26
"Kotak Mahindra Bank Ltd",2024-06,86.00,0.31,85.69,625.62,0.85
"Punjab and Sind Bank",2025-08,86.00,0.86,85.14,50.77,0.22
"Kerala Gramin Bank",2024-10,85.00,0.47,84.53,32.49,0.10
"Punjab National Bank",2026-06,85.00,1.25,83.75,1178.92,7.01
"RBL Bank Ltd.",2024-07,84.00,0.59,83.41,14.83,0.30
"IDBI Bank Ltd.",2025-08,83.00,0.42,82.58,171.55,0.36
"Maharashtra Gramin Bank",2024-03,83.00,0.54,82.46,21.12,0.06
"AU small Finance Bank",2024-05,83.00,0.57,82.43,39.57,0.16
"Tamilnad Mercantile Bank Limited",2025-12,83.00,0.74,82.26,51.85,0.30
"Punjab and Sind Bank",2025-11,83.00,0.80,82.20,49.67,0.22
"Karnataka Bank",2024-02,82.00,0.73,81.27,78.18,0.31
"Rajasthan Gramin Bank",2025-10,81.00,0.25,80.75,38.61,0.05
"Central Bank of India",2025-12,81.00,0.41,80.59,292.82,0.67
"Bank Of India",2024-07,81.00,0.82,80.18,374.47,1.74
"Jammu and Kashmir Bank",2024-03,80.00,0.26,79.74,41.91,0.07
"Central Bank of India",2026-02,80.00,0.59,79.41,285.61,0.93
"CHAITANYA GODAVARI GRAMEENA BANK",2026-01,80.00,0.62,79.38,34.75,0.13
"Canara Bank",2025-12,80.00,0.77,79.23,861.50,3.90
"UCO Bank",2025-09,79.00,0.78,78.22,222.53,0.94
"Kerala Gramin Bank",2025-11,78.00,0.53,77.47,40.66,0.16
"Canara Bank",2024-08,78.00,0.62,77.38,563.49,2.26
"Equitas Small Finance Bank Ltd",2024-07,77.00,0.52,76.48,25.69,0.07
"Idbi Bank Ltd.",2026-05,77.00,1.04,75.96,180.77,0.92
"India Post Payments Bank Limited",2026-04,76.00,0.49,75.51,660.87,1.82
"Maharashtra Gramin Bank",2025-11,76.00,0.54,75.46,28.48,0.08
"Punjab and Sind Bank",2024-01,76.00,0.62,75.38,23.46,0.09
"State Bank Of India",2024-09,75.00,0.49,74.51,3050.29,7.57
"Union Bank of India",2025-08,75.00,0.57,74.43,924.90,2.71
"Ujjivan Small Finance Bank Limited",2026-04,75.00,0.61,74.39,47.74,0.18
"Kerala Gramin Bank",2024-06,74.00,0.36,73.64,21.78,0.06
"Indusind Bank Ltd.",2025-11,74.00,0.51,73.49,161.57,0.95
"India Post Payments Bank Ltd",2024-08,74.00,0.55,73.45,258.75,0.86
"Bandhan Bank Limited",2026-03,74.00,0.61,73.39,75.56,0.38
"Sarva Haryana Gramin Bank",2024-04,74.00,0.62,73.38,13.57,0.05
"India Post Payments Bank Limited",2025-10,74.00,0.78,73.22,527.18,2.47
"RBL Bank Limited",2024-04,72.00,0.15,71.85,10.87,0.08
"Canara Bank",2024-06,72.00,0.36,71.64,473.60,1.09
"Airtel Payments Bank",2024-04,72.00,0.58,71.42,284.86,1.47
"Tamilnad Mercantile Bank Limited",2026-05,72.00,0.72,71.28,48.48,0.30
"Rajasthan Marudhara Gramin Bank",2026-05,71.00,0.15,70.85,48.22,0.04
"Telangana Grameena Bank",2025-12,71.00,0.16,70.84,33.88,0.03
"JIO PAYMENTS BANK LTD",2026-01,71.00,0.17,70.83,63.99,0.18
"INDUSIND BANK",2024-02,71.00,0.44,70.56,92.07,0.59
"Punjab and Sind Bank",2026-01,71.00,0.67,70.33,45.21,0.19
"Equitas Small Finance Bank Ltd",2024-06,71.00,0.91,70.09,23.05,0.13
"Fino Payments Bank Ltd.",2026-01,77.00,6.95,70.05,176.39,6.42
"JIO Payments Bank Ltd",2025-09,70.00,0.08,69.92,44.60,0.04
"India Post Payment Bank",2024-05,70.00,0.33,69.67,222.10,0.45
"India Post Payments Bank Limited",2025-11,70.00,0.62,69.38,505.48,2.02
"Tamilnad Mercantile Bank Limited",2026-02,70.00,0.67,69.33,41.64,0.25
"NSDL Payments Bank Limited",2025-11,69.00,0.26,68.74,40.54,0.20
"UCO Bank",2024-09,70.00,1.29,68.71,141.58,1.18
"HDFC BANK LTD",2024-02,69.00,0.37,68.63,724.22,2.05
"Esaf Small Finance Bank Ltd",2026-03,69.00,0.52,68.48,26.28,0.09
"Rajasthan Marudhara Gramin Bank",2026-03,68.00,0.10,67.90,43.63,0.03
"Canara Bank",2024-12,68.00,0.51,67.49,556.68,2.29
"Kotak Mahindra Bank",2024-09,68.00,0.66,67.34,524.40,1.91
"UCO Bank",2024-07,68.00,0.71,67.29,132.55,0.64
"Central Bank of India",2026-06,68.00,0.77,67.23,290.61,1.39
"Canara Bank",2025-11,67.00,0.74,66.26,678.35,3.53
"Central Bank of India",2025-09,66.00,0.25,65.75,205.86,0.36
"Equitas Small Finance Bank Ltd",2024-08,66.00,0.34,65.66,21.71,0.05
"Bank Of India",2025-11,66.00,0.55,65.45,420.94,1.51
"Canara Bank",2024-04,66.00,0.59,65.41,423.79,1.75
"AU Small Finance Bank",2025-09,66.00,0.65,65.35,50.93,0.22
"Indian Overseas Bank",2024-12,65.00,0.29,64.71,167.19,0.38
"Union Bank Of India",2024-08,65.00,0.43,64.57,612.25,1.63
"Punjab and Sind Bank",2024-09,65.00,0.45,64.55,28.30,0.10
"Rajasthan Marudhara Gramin Bank",2024-02,66.00,1.55,64.45,13.35,0.16
"ESAF Small Finance Bank Ltd",2025-11,64.00,0.37,63.63,22.30,0.06
"State Bank of India",2025-09,64.00,0.57,63.43,3376.08,11.83
"INDIA POST PAYMENTS BANK LIMITED",2026-01,64.00,0.59,63.41,532.93,2.18
"Chaitanya Godavari Grameena Bank",2026-05,64.00,0.61,63.39,32.09,0.15
"Indian Overseas Bank",2025-08,64.00,0.68,63.32,211.30,1.04
"Rajasthan Marudhara Gramin Bank",2024-01,63.00,0.29,62.71,12.61,0.03
"Ujjivan Small Finance Bank",2024-02,63.00,0.39,62.61,23.88,0.08
"ESAF SMALL FINANCE BANK LTD",2026-01,63.00,0.49,62.51,23.32,0.08
"Ujjivan Small Finance Bank Limited",2025-10,62.00,0.45,61.55,34.94,0.12
"India Post Payments Bank Limited",2025-12,63.00,1.56,61.44,485.65,5.53
"Saraswat Bank",2024-04,62.00,0.62,61.38,14.47,0.05
"Au Small Finance Bank",2026-04,62.00,0.66,61.34,55.79,0.26
"Rbl Bank Ltd.",2026-04,61.00,0.24,60.76,18.86,0.12
"Ujjivan Small Finance Bank",2024-05,61.00,0.37,60.63,27.51,0.08
"Punjab National Bank",2026-02,61.00,0.59,60.41,701.59,2.77
"Bank of Baroda",2024-08,60.00,0.35,59.65,591.52,1.51
"Central Bank of India",2024-08,59.00,0.28,58.72,128.79,0.31
"INDIA POST PAYMENTS BANK LIMITED",2026-02,59.00,0.39,58.61,453.73,1.35
"Karur Vysya Bank",2025-08,59.00,0.40,58.60,56.13,0.18
"Federal Bank Ltd.",2025-08,59.00,0.44,58.56,157.19,1.62
"Bank of Baroda",2024-07,59.00,0.47,58.53,563.34,2.14
"Tamilnad Mercantile Bank",2024-04,59.00,0.51,58.49,21.30,0.12
"Bank of Baroda",2026-06,59.00,0.52,58.48,999.01,3.20
"Fincare Small Finance Bank Ltd",2024-04,59.00,0.53,58.47,12.79,0.06
"Karnataka Bank",2024-01,59.00,0.54,58.46,57.44,0.23
"City Union Bank",2024-09,58.00,0.50,57.50,25.69,0.12
"Union Bank of India",2025-12,58.00,0.59,57.41,781.25,3.11
"State Bank of India",2025-12,57.00,0.22,56.78,3325.23,4.80
"State Bank of India",2024-11,57.00,0.38,56.62,2383.81,5.95
"Bank Of India",2026-02,57.00,0.72,56.28,367.15,1.98
"RBL Bank Ltd.",2026-01,56.00,0.21,55.79,17.39,0.10
"RBL Bank Ltd.",2025-08,56.00,0.31,55.69,18.00,0.30
"Punjab National Bank",2025-12,56.00,0.43,55.57,675.49,2.13
"AU small Finance Bank",2026-01,56.00,0.45,55.55,48.82,0.17
"Canara Bank",2026-01,55.00,0.48,54.52,601.57,2.42
"State Bank of India",2025-10,55.00,0.62,54.38,3042.20,13.48
"Punjab National Bank",2026-01,54.00,0.38,53.62,660.36,1.89
"Slice Small Finance Bank Limited",2026-03,54.00,0.45,53.55,36.08,0.15
"Tamilnad Mercantile Bank",2024-02,54.00,0.48,53.52,17.65,0.10
"Bank of India",2024-10,54.00,0.54,53.46,290.65,1.27
"Fino Payments Bank Ltd.",2026-06,54.00,0.56,53.44,151.02,0.46
"Yes Bank Ltd",2024-04,53.00,0.01,52.99,56.19,0.51
"Idbi Bank Ltd.",2026-03,54.00,1.03,52.97,123.38,0.91
"RBL Bank Ltd.",2025-09,53.00,0.15,52.85,15.76,0.07
"Bank Of India",2024-08,53.00,0.45,52.55,253.48,0.94
"ICICI Bank Ltd.",2025-08,52.00,0.24,51.76,391.45,1.33
"Airtel Payments Bank",2024-05,52.00,0.35,51.65,215.15,0.93
"Indian Bank",2026-05,52.00,0.49,51.51,418.42,1.57
"Punjab and Sind Bank",2024-07,52.00,0.55,51.45,21.19,0.10
"Central Bank of India",2025-10,51.00,0.27,50.73,170.15,0.41
"Fino Payments Bank Ltd.",2025-12,51.00,0.61,50.39,131.38,0.63
"IDBI Bank Ltd.",2025-09,51.00,0.63,50.37,102.80,0.52
"Fino Payments Bank Limited",2024-04,51.00,0.66,50.34,68.40,0.43
"IDBI Bank Limited",2024-04,51.00,0.93,50.07,77.14,0.60
"The Jammu & Kashmir Bank Limited",2025-12,50.00,0.20,49.80,53.75,0.12
"Karur Vysya Bank",2024-02,50.00,0.23,49.77,30.17,0.07
"Sarva Haryana Gramin Bank",2024-03,50.00,0.34,49.66,8.86,0.03
"Fino Payments Bank Ltd.",2026-05,50.00,0.47,49.53,143.19,0.39
"Karnataka Bank",2024-10,50.00,0.51,49.49,63.05,0.30
"Punjab and Sind Bank",2024-08,49.00,0.37,48.63,20.77,0.08
"Fino Payments Bank Limited",2024-02,49.00,0.38,48.62,56.96,0.19
"City Union Bank",2024-08,49.00,0.50,48.50,21.85,0.12
"Bank of Maharashtra",2024-12,48.00,0.37,47.63,90.44,0.37
"State Bank of India",2024-12,48.00,0.38,47.62,2179.26,6.47
"The Jammu & Kashmir Bank Limited",2025-09,47.00,0.23,46.77,44.47,0.12
"INDUSIND BANK",2024-03,47.00,0.36,46.64,67.04,0.47
"Federal Bank",2024-05,47.00,0.41,46.59,99.97,1.60
"Karur Vysya Bank",2024-06,47.00,0.65,46.35,31.93,0.24
"Union Bank of India",2024-09,47.00,1.01,45.99,436.30,3.80
"Indusind Bank Ltd.",2024-06,46.00,0.37,45.63,71.34,0.46
"Karnataka Bank Ltd",2024-06,46.00,0.37,45.63,49.91,0.18
"Tamilnad Mercantile Bank Limited",2024-11,46.00,0.39,45.61,19.54,0.11
"Fincare Small Finance Bank Ltd",2024-05,46.00,0.41,45.59,9.91,0.04
"Bank Of India",2026-03,46.00,0.55,45.45,333.95,1.68
"Bank of Baroda",2024-03,45.00,0.13,44.87,397.27,0.48
"Jio Payments Bank Ltd",2026-04,45.00,0.23,44.77,46.08,0.19
"Canara Bank",2024-02,45.00,0.29,44.71,260.19,0.79
"Ujjivan Small Finance Bank Limited",2025-09,45.00,0.30,44.70,24.22,0.08
"Bank of India",2024-09,45.00,0.41,44.59,216.15,0.86
"Tamilnad Mercantile Bank Limited",2025-11,45.00,0.47,44.53,25.96,0.18
"Karur Vysya Bank",2024-07,44.00,0.24,43.76,31.66,0.10
"Indian Overseas Bank",2024-05,44.00,0.24,43.76,87.10,0.23
"Canara Bank",2024-01,44.00,0.28,43.72,251.75,0.75
"Sarva Haryana Gramin Bank",2024-11,44.00,0.32,43.68,8.84,0.03
"Canara Bank",2024-09,44.00,0.32,43.68,318.71,1.20
"Tamilnad Mercantile Bank",2024-05,44.00,0.36,43.64,16.72,0.09
"RBL Bank Limited",2024-09,44.00,0.38,43.62,8.30,0.25
"DBS Bank India Limited",2024-11,44.00,0.50,43.50,12.43,0.05
"Central Bank of India",2024-12,43.00,0.13,42.87,105.14,0.15
"City Union Bank",2024-02,43.00,0.32,42.68,15.75,0.06
"Canara Bank",2024-11,43.00,0.33,42.67,326.92,1.41
"State Bank of India",2025-08,42.00,0.31,41.69,2254.87,6.39
"Bandhan Bank Limited",2026-04,42.00,0.32,41.68,42.11,0.19
"India Post Payments Bank Limited",2026-05,42.00,0.44,41.56,376.30,1.69
"IDFC Bank Ltd.",2026-02,42.00,0.55,41.45,60.26,0.29
"Bank of Maharashtra",2024-10,42.00,0.57,41.43,78.84,0.47
"RBL Bank Ltd.",2026-02,41.00,0.16,40.84,12.90,0.08
"Kerala Gramin Bank",2026-04,41.00,0.24,40.76,23.64,0.07
"ESAF Small Finance Bank Ltd.",2024-04,40.00,0.19,39.81,8.59,0.02
"Karur Vysya Bank",2025-09,40.00,0.19,39.81,37.08,0.08
"RBL Bank Ltd.",2024-08,40.00,0.32,39.68,7.40,0.19
"Punjab National Bank",2024-06,40.00,0.34,39.66,313.48,1.10
"ICICI Bank Ltd.",2026-01,40.00,0.51,39.49,305.70,2.84
"IDBI Bank Ltd.",2025-12,40.00,0.57,39.43,86.48,0.50
"Nsdl Payments Bank Limited",2026-05,39.00,0.17,38.83,32.79,0.22
"Kotak Mahindra Bank",2024-05,39.00,0.29,38.71,291.26,0.83
"Tamilnad Mercantile Bank Limited",2025-10,39.00,0.35,38.65,22.46,0.13
"Karur Vysya Bank",2024-12,39.00,0.36,38.64,32.42,0.15
"The South Indian Bank Limited",2026-05,39.00,0.48,38.52,33.32,0.25
"RBL Bank Ltd.",2025-11,38.00,0.14,37.86,10.92,0.06
"Karur Vysya Bank",2025-10,38.00,0.19,37.81,36.17,0.09
"Kotak Mahindra Bank",2025-11,38.00,0.39,37.61,384.01,1.57
"City Union Bank",2026-03,38.00,0.42,37.58,23.74,0.13
"Yes Bank Ltd.",2024-12,37.00,0.00,37.00,62.10,0.00
"JIO Payments Bank Ltd",2025-10,37.00,0.13,36.87,26.33,0.08
"CITI Bank",2024-02,37.00,0.16,36.84,7.00,0.02
"Citi Bank",2024-05,37.00,0.21,36.79,7.41,0.03
"IDBI Bank Ltd.",2025-10,37.00,0.23,36.77,77.95,0.20
"Indian Bank",2024-01,37.00,0.27,36.73,129.09,0.52
"City Union Bank",2024-05,37.00,0.27,36.73,15.40,0.06
"Punjab And Sind Bank",2026-05,37.00,0.28,36.72,27.19,0.09
"Canara Bank",2024-03,37.00,0.35,36.65,237.84,1.06
"UCO Bank",2025-08,37.00,0.37,36.63,105.05,0.45
"AU small Finance Bank",2024-02,37.00,0.39,36.61,14.36,0.10
"Citi Bank",2024-04,36.00,0.19,35.81,7.10,0.02
"Canara Bank",2024-07,36.00,0.21,35.79,247.99,0.69
"Punjab and Sind Bank",2024-05,36.00,0.30,35.70,13.74,0.05
"Canara Bank",2025-08,36.00,0.34,35.66,349.43,1.54
"Sarva Haryana Gramin Bank",2024-10,36.00,0.34,35.66,7.64,0.03
"Fino Payments Bank Ltd.",2024-06,36.00,0.43,35.57,50.69,0.32
"Airtel Payments Bank Limited",2026-04,34.00,0.24,33.76,262.63,1.23
"Karur Vysya Bank",2024-01,34.00,0.25,33.75,20.25,0.08
"BANDHAN BANK LIMITED",2025-10,34.00,0.25,33.75,32.01,0.14
"Bank of India",2024-03,34.00,0.26,33.74,147.62,0.51
"Karnataka Bank",2026-02,34.00,0.69,33.31,49.54,0.42
"Rbl Bank Ltd.",2026-03,33.00,0.10,32.90,11.79,0.05
"Bank of Baroda",2024-06,33.00,0.14,32.86,301.12,0.56
"NSDL Payments Bank Limited",2025-10,33.00,0.14,32.86,19.17,0.09
"Bank of Maharashtra",2026-06,33.00,0.31,32.69,85.26,0.28
"Equitas Small Finance Bank",2025-08,33.00,0.35,32.65,9.71,0.05
"UCO Bank",2025-10,33.00,0.62,32.38,97.69,0.79
Citibank,2024-03,32.00,0.14,31.86,6.65,0.02
"Punjab National Bank",2026-04,32.00,0.21,31.79,420.92,1.11
"Bank Of India",2024-06,32.00,0.23,31.77,142.20,0.47
"City Union Bank",2024-01,32.00,0.25,31.75,11.48,0.05
"AU Small Finance Bank",2024-12,32.00,0.26,31.74,23.88,0.09
"Saraswat Bank",2024-03,32.00,0.27,31.73,7.45,0.02
"BANDHAN BANK LIMITED",2025-09,32.00,0.27,31.73,29.35,0.15
"Central Bank of India",2024-07,32.00,0.28,31.72,67.69,0.28
"State Bank Of India",2024-03,32.00,0.28,31.72,1138.41,4.27
"State Bank of India",2026-01,32.00,0.40,31.60,1873.85,8.68
"Kerala Gramin Bank",2025-12,31.00,0.12,30.88,17.11,0.04
"The Jammu & Kashmir Bank Limited",2026-01,31.00,0.17,30.83,32.69,0.09
"Indusind Bank Ltd.",2025-10,31.00,0.18,30.82,69.81,0.35
"Indusind Bank",2024-05,31.00,0.19,30.81,46.61,0.24
"Bank Of India",2026-06,31.00,0.27,30.73,228.16,0.81
"City Union Bank",2024-03,31.00,0.28,30.72,12.62,0.06
"Bank Of India",2025-10,31.00,0.29,30.71,199.33,0.81
"Punjab National Bank",2024-05,31.00,0.36,30.64,243.46,1.18
"Bank Of Maharashtra",2026-05,31.00,0.98,30.02,81.81,0.91
"Axis Bank Ltd.",2024-01,30.00,0.06,29.94,167.85,0.61
"Indusind Bank Ltd.",2025-09,30.00,0.12,29.88,64.17,0.23
"Jio Payments Bank Ltd",2026-03,30.00,0.16,29.84,30.59,0.15
"Kerala Gramin Bank",2026-05,30.00,0.17,29.83,18.39,0.06
"ESAF Small Finance Bank Ltd",2025-12,30.00,0.25,29.75,11.09,0.04
"Indusind Bank Ltd.",2026-02,30.00,0.29,29.71,66.68,0.54
"Bank of Maharashtra",2024-09,30.00,0.30,29.70,49.50,0.21
"KERALA GRAMIN BANK",2026-01,30.00,0.32,29.68,17.10,0.10
"Bank of Maharashtra",2025-09,30.00,0.33,29.67,64.01,0.27
"Tamilnad Mercantile Bank Limited",2026-04,30.00,0.35,29.65,19.21,0.14
"The South Indian Bank Limited",2025-09,30.00,0.36,29.64,22.19,0.17
"KERALA GRAMIN BANK",2026-02,30.00,0.43,29.57,15.63,0.13
"ICICI Bank",2024-02,29.00,0.12,28.88,156.53,0.74
"Karur Vysya Bank",2026-03,29.00,0.13,28.87,31.36,0.07
"Canara Bank",2024-10,29.00,0.18,28.82,230.61,0.81
"BANDHAN BANK LIMITED",2026-01,29.00,0.20,28.80,28.72,0.12
"State Bank of India",2025-11,29.00,0.21,28.79,1599.08,4.37
"Karur Vysya Bank",2024-10,29.00,0.21,28.79,23.09,0.08
"Punjab And Sind Bank",2026-04,29.00,0.22,28.78,20.02,0.06
"AU small Finance Bank",2024-01,29.00,0.23,28.77,10.87,0.06
"City Union Bank",2024-04,29.00,0.24,28.76,11.50,0.05
"Karnataka Bank",2024-05,29.00,0.30,28.70,31.99,0.14
"Central Bank of India",2026-01,28.00,0.14,27.86,104.59,0.23
"Union Bank of India",2024-06,28.00,0.17,27.83,243.36,0.60
"Punjab National Bank",2025-11,28.00,0.19,27.81,316.59,0.88
"Indian Bank",2025-11,28.00,0.19,27.81,192.69,0.57
"Baroda UP Gramin Bank",2024-09,28.00,0.21,27.79,7.41,0.03
"JIO PAYMENTS BANK LTD",2026-02,28.00,0.23,27.77,24.94,0.23
"IDFC FIRST Bank",2024-03,28.00,0.23,27.77,23.32,0.08
"Airtel Payments Bank Limited",2026-05,28.00,0.24,27.76,216.09,1.25
"Equitas Small Finance Bank",2025-10,28.00,0.24,27.76,8.15,0.04
"Punjab And Sind Bank",2026-03,28.00,0.25,27.75,19.48,0.07
"Equitas Bank",2024-03,28.00,0.28,27.72,9.03,0.04
"Tamilnad Mercantile Bank Limited",2025-09,28.00,0.28,27.72,15.45,0.10
"Canara Bank",2025-09,28.00,0.29,27.71,269.53,1.31
"Bank Of Maharashtra",2026-03,28.00,0.32,27.68,72.89,0.30
"Punjab National Bank",2024-01,27.00,0.13,26.87,167.12,0.35
"Karnataka Gramin Bank",2025-12,27.00,0.15,26.85,14.56,0.04
"Equitas Small Finance Bank",2024-05,27.00,0.19,26.81,9.05,0.03
"Indian Bank",2024-02,27.00,0.20,26.80,95.80,0.40
"UCO Bank",2024-06,27.00,0.20,26.80,49.79,0.17
"Tamilnad Mercantile Bank Limited",2024-12,27.00,0.22,26.78,12.56,0.07
"DBS Bank India Limited",2024-02,27.00,0.26,26.74,6.56,0.03
"City Union Bank",2026-04,27.00,0.28,26.72,16.44,0.09
"Bank of Maharashtra",2025-12,27.00,0.30,26.70,65.18,0.27
"Slice Small Finance Bank Limited",2026-03,27.00,0.45,26.55,18.95,0.15
"Indusind Bank Ltd.",2025-08,26.00,0.11,25.89,56.41,0.22
"IDBI Bank Ltd.",2024-12,26.00,0.18,25.82,48.41,0.14
"Canara Bank",2026-04,26.00,0.21,25.79,299.67,1.09
"Federal Bank",2024-02,26.00,0.21,25.79,48.85,0.66
"Tamilnad Mercantile Bank",2024-01,26.00,0.24,25.76,8.37,0.05
"Indian Overseas Bank",2025-09,26.00,0.26,25.74,85.55,0.41
"ESAF SMALL FINANCE BANK LTD",2026-02,26.00,0.29,25.71,8.87,0.04
"City Union Bank",2024-07,26.00,0.31,25.69,11.28,0.07
"Punjab and Sind Bank",2026-02,26.00,0.35,25.65,15.93,0.09
"DBS Bank India Limited",2024-03,26.00,0.46,25.54,6.93,0.06
"Punjab National Bank",2024-02,25.00,0.11,24.89,157.25,0.31
"Ujjivan Small Finance Bank Limited",2026-03,25.00,0.12,24.88,16.06,0.04
"The Jammu & Kashmir Bank Limited",2026-03,25.00,0.14,24.86,27.03,0.08
"Indusind Bank Ltd.",2025-12,25.00,0.18,24.82,58.12,0.36
"Airtel Payments Bank Limited",2026-02,25.00,0.23,24.77,170.16,1.12
"Bank of Maharashtra",2024-08,25.00,0.34,24.66,40.91,0.23
"BANDHAN BANK LIMITED",2026-02,25.00,0.35,24.65,23.11,0.20
"Yes Bank Ltd",2024-02,24.00,0.01,23.99,22.42,0.24
"The South Indian Bank Limited",2025-08,24.00,0.05,23.95,18.25,0.02
"Airtel Payments Bank Limited",2025-12,24.00,0.09,23.91,171.34,0.45
"Ujjivan Small Finance Bank",2024-04,24.00,0.15,23.85,10.30,0.03
"The South Indian Bank Limited",2025-11,24.00,0.21,23.79,18.51,0.10
"State Bank of India",2026-06,24.00,0.22,23.78,1515.94,4.94
"Indian Bank",2024-05,24.00,0.22,23.78,102.59,0.51
"Union Bank of India",2026-01,24.00,0.24,23.76,324.73,1.24
"Indian Overseas Bank",2024-07,24.00,0.28,23.72,50.41,0.29
"Airtel Payments Bank",2024-02,24.00,0.32,23.68,82.60,0.64
"Union Bank of India",2024-05,24.00,0.43,23.57,210.28,1.53
"Karnataka Bank",2026-01,24.00,0.72,23.28,37.42,0.47
"Yes Bank Ltd.",2024-08,23.00,0.00,23.00,29.07,0.00
"Airtel Payments Bank Limited",2025-09,23.00,0.07,22.93,144.12,0.34
"ESAF Small Finance Bank Ltd.",2024-05,23.00,0.08,22.92,5.27,0.01
"Punjab National Bank",2024-03,23.00,0.11,22.89,167.46,0.34
"IDFC First Bank Ltd",2024-08,23.00,0.12,22.88,20.69,0.05
"Kerala Gramin Bank",2026-03,23.00,0.13,22.87,13.53,0.04
"Ujjivan Small Finance Bank Limited",2026-05,23.00,0.14,22.86,15.31,0.04
"AU small Finance Bank",2026-06,23.00,0.16,22.84,21.76,0.06
"Union Bank Of India",2024-11,23.00,0.17,22.83,227.72,0.67
"Airtel Payments Bank Limited",2026-03,23.00,0.18,22.82,181.07,0.98
"Kotak Mahindra Bank",2024-11,23.00,0.18,22.82,184.94,0.53
"ESAF Small Finance Bank Ltd",2025-10,23.00,0.18,22.82,8.05,0.03
"Punjab and Sind Bank",2024-12,23.00,0.21,22.79,11.33,0.05
"Indian Bank",2026-06,23.00,0.22,22.78,180.15,0.68
"Airtel Payments Bank Limited",2025-11,23.00,0.28,22.72,150.86,1.36
"IDFC First Bank Ltd",2024-09,22.00,0.05,21.95,19.74,0.02
"Indian Overseas Bank",2024-11,22.00,0.10,21.90,51.24,0.12
"Ujjivan Small Finance Bank Limited",2025-11,22.00,0.10,21.90,12.18,0.03
"RBL Bank Ltd.",2024-12,22.00,0.13,21.87,6.29,0.08
"State Bank of India",2024-06,22.00,0.14,21.86,822.36,2.17
"INDUSIND BANK Ltd.",2024-10,22.00,0.15,21.85,40.57,0.26
"Ujjivan Small Finance Bank",2024-03,22.00,0.16,21.84,9.38,0.03
"Fino Payments Bank Limited",2024-05,22.00,0.19,21.81,30.83,0.14
"ESAF Small Finance Bank Ltd.",2024-07,22.00,0.25,21.75,5.29,0.03
"Indian Bank",2025-12,22.00,0.26,21.74,160.33,0.84
"Bank Of India",2025-12,22.00,0.26,21.74,148.60,0.76
"Karur Vysya Bank",2024-04,22.00,0.52,21.48,14.46,0.18
"Fino Payments Bank Ltd.",2026-04,22.00,0.72,21.28,59.07,0.56
"The South Indian Bank Limited",2026-03,21.00,0.05,20.95,17.69,0.03
"Punjab National Bank",2025-10,21.00,0.10,20.90,242.83,0.47
"Indian Bank",2024-03,21.00,0.12,20.88,84.21,0.27
"Indian Overseas Bank",2026-01,21.00,0.14,20.86,80.47,0.23
"State Bank Of India",2024-08,21.00,0.15,20.85,850.99,2.34
"Karnataka Bank",2026-03,21.00,0.17,20.83,34.35,0.11
"ESAF Small Finance Bank Ltd.",2024-08,21.00,0.20,20.80,5.35,0.02
"Karnataka Bank",2026-05,21.00,0.23,20.77,35.14,0.15
"UCO Bank",2026-02,21.00,0.31,20.69,62.65,0.39
"ESAF Small Finance Bank Ltd.",2024-06,20.00,0.08,19.92,4.59,0.01
"Federal Bank",2024-03,20.00,0.11,19.89,40.97,0.41
"AU Small Finance Bank",2024-11,20.00,0.13,19.87,14.11,0.04
"Karnataka Bank",2025-10,20.00,0.13,19.87,29.47,0.08
"Au Small Finance Bank",2026-05,20.00,0.14,19.86,19.12,0.06
"State Bank Of India",2024-05,20.00,0.15,19.85,751.67,2.38
"Karur Vysya Bank",2026-04,20.00,0.17,19.83,20.89,0.09
"Punjab and Sind Bank",2024-10,20.00,0.18,19.82,9.58,0.04
"City Union Bank",2026-02,20.00,0.25,19.75,11.41,0.07
"City Union Bank",2026-06,20.00,0.27,19.73,12.68,0.08
"Union Bank Of India",2026-03,20.00,0.28,19.72,290.27,1.53
"Equitas Small Finance Bank",2025-11,20.00,0.63,19.37,5.61,0.09
"Canara Bank",2026-03,19.00,0.12,18.88,220.58,0.64
"Indian Bank",2025-09,20.00,1.12,18.88,129.42,3.28
"Federal Bank",2024-01,19.00,0.13,18.87,35.32,0.39
"Karur Vysya Bank",2024-11,19.00,0.13,18.87,14.50,0.05
"State Bank Of India",2024-01,19.00,0.18,18.82,594.50,2.35
"Indian Bank",2024-06,19.00,0.19,18.81,80.54,0.43
"Punjab National Bank",2025-08,19.00,0.21,18.79,214.95,0.94
"Indian Bank",2026-01,19.00,0.21,18.79,140.30,0.67
"India Post Payments Bank Limited",2026-03,19.00,0.24,18.76,167.99,0.94
"Bank Of India",2025-09,19.00,0.28,18.72,114.75,0.73
"Punjab National Bank",2024-10,18.00,0.05,17.95,172.05,0.19
"Airtel Payments Bank Limited",2026-01,18.00,0.08,17.92,132.86,0.42
"Indusind Bank Ltd.",2024-12,18.00,0.10,17.90,33.44,0.16
"Karur Vysya Bank",2026-05,18.00,0.14,17.86,19.62,0.08
"Indian Bank",2024-10,18.00,0.15,17.85,92.39,0.35
"Karur Vysya Bank",2024-05,18.00,0.16,17.84,12.30,0.06
"Karnataka Bank",2024-09,18.00,0.22,17.78,21.12,0.12
"Airtel Payments Bank Limited",2024-12,18.00,0.29,17.71,93.78,1.08
"Yes Bank Ltd.",2026-04,17.00,0.00,17.00,28.82,0.00
"Yes bank Ltd.",2024-06,17.00,0.00,17.00,20.22,0.00
"Yes Bank Ltd.",2026-06,17.00,0.00,17.00,28.88,0.00
"Yes Bank Ltd.",2026-03,17.00,0.00,17.00,28.45,0.00
"Yes Bank Ltd.",2025-11,17.00,0.00,17.00,29.87,0.00
"Yes Bank Ltd",2024-03,17.00,0.04,16.96,17.58,1.06
"State Bank Of India",2026-04,17.00,0.07,16.93,1051.13,1.55
"Airtel Payments Bank Limited",2026-06,17.00,0.07,16.93,126.38,0.35
"Indusind Bank Ltd.",2026-03,17.00,0.10,16.90,42.48,0.19
"Indian Bank",2024-11,17.00,0.12,16.88,82.38,0.26
"State Bank Of India",2026-05,17.00,0.15,16.85,1094.71,3.43
"AU small Finance Bank",2024-09,17.00,0.17,16.83,11.77,0.06
"BANDHAN BANK LIMITED",2026-06,17.00,0.19,16.81,17.11,0.11
"Indusind Bank Ltd.",2024-08,17.00,0.28,16.72,28.17,0.41
"DBS Bank India Limited",2024-04,17.00,0.95,16.05,4.49,0.11
"Ujjivan Small Finance Bank Limited",2025-12,16.00,0.06,15.94,9.56,0.02
"State Bank Of India",2026-03,16.00,0.07,15.93,1001.94,1.60
"UJJIVAN SMALL FINANCE BANK LIMITED",2026-01,16.00,0.08,15.92,9.65,0.02
"Karnataka Bank",2025-09,16.00,0.09,15.91,22.60,0.05
"UCO Bank",2024-10,16.00,0.12,15.88,35.25,0.12
"AU Small Finance Bank",2025-12,16.00,0.17,15.83,13.64,0.06
"City Union Bank",2024-11,16.00,0.19,15.81,7.16,0.05
"Icici Bank Ltd.",2026-03,16.00,0.20,15.80,122.93,0.89
"City Union Bank",2025-10,16.00,0.20,15.80,9.28,0.06
"Karur Vysya Bank",2026-06,16.00,0.21,15.79,17.40,0.12
"NSDL Payments Bank Limited",2025-02,15.71,0.02,15.69,4.84,0.01
"Indusind Bank Ltd.",2026-01,16.00,0.32,15.68,38.01,0.61
"UCO Bank",2024-04,16.00,0.81,15.19,27.51,0.68
"DBS Bank India Limited",2024-05,16.00,0.92,15.08,4.38,0.10
"Yes Bank Ltd.",2025-08,15.00,0.04,14.96,26.65,3.24
"IDBI Bank Ltd.",2026-01,15.00,0.05,14.95,32.84,0.04
"Canara Bank",2026-06,15.00,0.06,14.94,177.67,0.31
"Airtel Payments Bank Ltd",2024-08,15.00,0.09,14.91,65.69,0.26
"Karnataka Bank",2025-12,15.00,0.09,14.91,23.71,0.06
"Union Bank of India",2024-10,15.00,0.09,14.91,156.58,0.38
"Indian Bank",2024-04,15.00,0.11,14.89,61.09,0.24
"Bandhan Bank limited",2025-08,15.00,0.13,14.87,13.87,0.07
"Bank of Maharashtra",2024-11,15.00,0.13,14.87,25.15,0.11
"IDBI Bank Ltd.",2026-06,15.00,0.18,14.82,34.41,0.15
"Uco Bank",2026-04,15.00,0.21,14.79,49.36,0.28
"Canara Bank",2026-02,15.00,0.21,14.79,154.40,1.00
"Bank Of Maharashtra",2026-04,15.00,0.24,14.76,38.94,0.22
"UCO Bank",2025-12,15.00,0.27,14.73,46.68,0.36
"DBS Bank India Limited",2024-10,15.00,0.27,14.73,4.53,0.03
"City Union Bank",2025-09,15.00,0.31,14.69,8.41,0.10
"Yes Bank Ltd.",2025-09,14.00,0.01,13.99,22.84,0.79
"Kotak Mahindra Bank",2024-03,14.00,0.06,13.94,98.50,0.17
"Jio Payments Bank Ltd",2026-05,14.00,0.06,13.94,14.95,0.05
"Punjab National Bank",2025-09,14.00,0.06,13.94,156.54,0.27
"The South Indian Bank Limited",2026-04,14.00,0.07,13.93,11.37,0.03
"IDBI Bank Limited",2024-05,14.00,0.07,13.93,22.30,0.05
"The Jammu & Kashmir Bank Limited",2026-02,14.00,0.09,13.91,13.96,0.05
"CHAITANYA GODAVARI GRAMEENA BANK",2026-06,14.00,0.09,13.91,7.15,0.02
"ESAF Small Finance Bank Ltd",2025-09,14.00,0.10,13.90,4.76,0.02
"IDBI Bank Ltd.",2025-11,14.00,0.11,13.89,28.83,0.09
"Indian Bank",2025-08,14.00,0.12,13.88,91.54,0.35
"Karur Vysya Bank",2026-02,14.00,0.12,13.88,13.52,0.05
"City Union Bank",2024-10,14.00,0.12,13.88,6.68,0.03
"JIO PAYMENTS BANK LTD",2026-06,14.00,0.14,13.86,14.39,0.11
"Kotak Mahindra Bank",2026-03,14.00,0.16,13.84,158.79,0.74
"Union Bank of India",2025-11,14.00,0.17,13.83,178.47,0.84
"State Bank Of India",2024-07,14.00,0.23,13.77,547.80,3.66
"Airtel Payments Bank Ltd",2024-07,14.00,0.41,13.59,60.33,1.10
"Yes Bank Ltd.",2026-05,13.00,0.01,12.99,22.83,0.96
"Punjab National Bank",2026-03,13.00,0.03,12.97,169.20,0.16
"Union Bank of India",2024-12,13.00,0.05,12.95,139.19,0.21
"Karnataka Bank",2025-11,13.00,0.08,12.92,19.22,0.05
"IDFC FIRST Bank",2024-04,13.00,0.11,12.89,10.83,0.04
"City Union Bank",2024-12,13.00,0.11,12.89,6.36,0.03
"Indian Bank",2024-12,13.00,0.12,12.88,68.24,0.29
"Bank of Maharashtra",2025-10,13.00,0.12,12.88,30.02,0.11
"Bank of Baroda",2025-09,13.00,0.17,12.83,176.32,0.90
"Kotak Mahindra Bank",2025-08,13.00,0.18,12.82,127.16,0.67
"Karur Vysya Bank",2026-01,13.00,0.18,12.82,13.17,0.08
"Yes Bank Ltd.",2025-12,12.00,0.00,12.00,21.88,0.00
"Andhra Pragathi Grameena Bank",2025-01,12.07,0.07,12.00,3.09,0.01
"Airtel Payments Bank Limited",2025-08,12.00,0.05,11.95,76.47,0.24
"UCO Bank",2024-12,12.00,0.05,11.95,27.04,0.05
"Indian Bank",2026-03,12.00,0.06,11.94,95.29,0.20
"Karur Vysya Bank",2025-12,12.00,0.08,11.92,12.28,0.04
"Karur Vysya Bank",2025-11,12.00,0.10,11.90,11.46,0.05
"South Indian Bank",2024-04,12.00,0.11,11.89,6.30,0.04
"UCO Bank",2024-08,12.00,0.12,11.88,24.10,0.11
"IDFC Bank Ltd.",2025-10,12.00,0.12,11.88,14.54,0.06
"Union Bank of India",2026-06,12.00,0.13,11.87,177.87,0.71
"Airtel Payments Bank",2024-03,12.00,0.19,11.81,46.55,0.44
"NSDL Payments Bank Limited",2025-03,11.58,0.03,11.55,4.04,0.01
"Bank of Baroda",2024-09,11.00,0.04,10.96,109.61,0.17
"INDUSIND BANK Ltd.",2024-09,11.00,0.04,10.96,18.25,0.06
"ICICI Bank Ltd.",2024-12,11.00,0.05,10.95,77.07,0.31
"UCO Bank",2024-05,11.00,0.05,10.95,20.26,0.04
"DBS Bank India Limited",2024-01,11.00,0.06,10.94,2.70,0.01
"Indian Bank",2024-09,11.00,0.06,10.94,51.26,0.13
"Indusind Bank Ltd.",2026-04,11.00,0.07,10.93,27.29,0.14
"Bank Of India",2024-12,11.00,0.07,10.93,59.45,0.16
"Indian Bank",2025-10,11.00,0.07,10.93,75.61,0.21
"Punjab National Bank",2024-09,11.00,0.07,10.93,93.61,0.24
"UCO Bank",2024-02,11.00,0.08,10.92,16.36,0.06
"Federal Bank Ltd.",2025-12,11.00,0.10,10.90,31.61,0.39
"IDFC FIRST Bank",2024-02,11.00,0.10,10.90,8.18,0.04
"ESAF Small Finance Bank Ltd.",2024-09,11.00,0.11,10.89,2.83,0.01
"Bank of Baroda",2025-12,11.00,0.12,10.88,166.60,0.71
"Bank of Baroda",2025-11,11.00,0.13,10.87,156.21,0.72
"IDFC First Bank Ltd",2024-07,11.00,0.14,10.86,9.63,0.05
"South Indian Bank",2024-01,11.00,0.15,10.85,5.38,0.05
"Idbi Bank Ltd.",2026-04,11.00,0.17,10.83,24.94,0.15
"City Union Bank",2025-08,11.00,0.19,10.81,6.30,0.06
"Punjab national Bank",2024-11,10.00,0.01,9.99,88.19,0.04
"RBL Bank Ltd.",2025-10,10.00,0.02,9.98,2.96,0.01
"Kotak Mahindra Bank",2024-10,10.00,0.03,9.97,86.36,0.10
"Yes Bank Ltd",2024-01,10.00,0.04,9.96,9.35,0.84
"The Jammu & Kashmir Bank Limited",2026-06,10.00,0.04,9.96,12.17,0.03
"Bank of Baroda",2024-12,10.00,0.05,9.95,112.59,0.23
"Au Small Finance Bank",2026-03,10.00,0.06,9.94,9.25,0.02
"Bank Of Baroda",2026-03,10.00,0.08,9.92,164.92,0.50
"DBS Bank India Limited",2024-12,10.00,0.09,9.91,3.06,0.01
"South Indian Bank",2024-05,10.00,0.09,9.91,5.48,0.03
"Punjab and Sind Bank",2024-11,10.00,0.10,9.90,4.54,0.02
"Kotak Mahindra Bank",2025-09,10.00,0.10,9.90,96.59,0.37
"Indian Overseas Bank",2026-04,10.00,0.16,9.84,41.29,0.27
"Punjab national Bank",2024-07,10.00,0.18,9.82,83.72,0.60
"Union Bank Of India",2024-07,10.00,0.29,9.71,90.58,1.07
"Slice Small Finance Bank Limited",2026-04,10.00,0.37,9.63,7.69,0.13
"UCO Bank",2024-11,10.00,0.51,9.49,20.64,0.47
"Yes Bank Ltd.",2025-10,9.00,0.00,9.00,17.09,0.00
"Punjab national Bank",2024-08,9.00,0.02,8.98,75.15,0.07
"The South Indian Bank Limited",2024-12,9.00,0.05,8.95,6.02,0.02
"ICICI Bank",2024-03,9.00,0.05,8.95,54.33,0.32
"ICICI Bank Ltd.",2024-08,9.00,0.06,8.94,58.39,0.36
"HDFC Bank Ltd.",2024-12,9.00,0.06,8.94,126.31,0.48
"HDFC BANK LTD",2024-04,9.00,0.07,8.93,104.13,0.44
"ICICI Bank Ltd.",2025-11,9.00,0.07,8.93,66.92,0.38
"UCO Bank",2026-06,9.00,0.08,8.92,30.78,0.11
"Canara Bank",2026-05,9.00,0.08,8.92,108.46,0.43
"Tamilnad Mercantile Bank Limited",2026-01,9.00,0.10,8.90,5.55,0.04
"Federal Bank Ltd.",2026-03,9.00,0.10,8.90,26.40,0.39
"UCO Bank",2025-11,9.00,0.10,8.90,26.40,0.13
"HDFC Bank Ltd.",2026-02,9.00,0.11,8.89,137.28,1.12
"Indian Overseas Bank",2026-02,9.00,0.22,8.78,33.22,0.34
"Indusind Bank Ltd.",2024-07,9.00,0.22,8.78,14.54,0.29
"Baroda UP Gramin Bank",2024-01,36.31,27.93,8.38,7.06,2.85
"ICICI Bank",2024-04,8.00,0.02,7.98,47.94,0.12
"The South Indian Bank Limited",2026-06,8.00,0.03,7.97,6.72,0.02
"ICICI Bank",2024-01,8.00,0.04,7.96,43.80,0.26
"Indian Bank",2026-04,8.00,0.06,7.94,62.69,0.20
"Fino Payments Bank Ltd.",2024-12,8.00,0.06,7.94,14.06,0.06
"Bank of Maharashtra",2025-11,8.00,0.06,7.94,18.26,0.05
"IDFC Bank Ltd.",2025-08,8.00,0.08,7.92,9.64,0.04
"Indusind Bank Ltd.",2026-05,8.00,0.09,7.91,20.66,0.18
"ESAF Small Finance Bank Ltd",2025-08,8.00,0.10,7.90,2.80,0.02
"Karnataka Bank",2024-12,8.00,0.11,7.89,10.62,0.07
"Bank of India",2024-01,8.00,0.11,7.89,31.14,0.20
"Uco Bank",2026-03,8.00,0.11,7.89,26.85,0.15
"City Union Bank",2025-11,8.00,0.18,7.82,4.62,0.06
"JIO Payments Bank Ltd",2025-03,7.23,0.04,7.19,3.52,0.01
"Federal Bank Ltd.",2026-02,7.00,0.00,7.00,18.69,0.00
"RBL Bank Ltd.",2025-12,7.00,0.03,6.97,2.23,0.02
"Indusind Bank Ltd.",2026-06,7.00,0.03,6.97,17.82,0.06
"The South Indian Bank Limited",2024-11,7.00,0.04,6.96,4.40,0.02
"Karnataka Bank",2026-04,7.00,0.06,6.94,11.34,0.04
"AU small Finance Bank",2024-10,7.00,0.06,6.94,5.37,0.02
"Indian Overseas Bank",2025-10,7.00,0.06,6.94,24.54,0.10
"UJJIVAN SMALL FINANCE BANK LIMITED",2026-02,7.00,0.07,6.93,4.01,0.02
"Bank Of Baroda",2026-05,7.00,0.07,6.93,119.95,0.44
"Karnataka Bank",2025-08,7.00,0.16,6.84,9.94,0.10
"City Union Bank",2025-12,7.00,0.17,6.83,4.29,0.06
"Yes Bank Ltd.",2026-01,6.00,0.00,6.00,10.35,0.00
"Yes Bank Ltd.",2026-02,6.00,0.01,5.99,9.26,0.83
"Airtel Payments Bank Limited",2025-10,6.00,0.02,5.98,40.32,0.10
"Canara Bank",2025-10,6.00,0.02,5.98,60.84,0.09
"The South Indian Bank Limited",2025-10,6.00,0.02,5.98,4.61,0.01
"Federal Bank Ltd.",2024-12,6.00,0.03,5.97,14.72,0.12
"Federal Bank",2024-06,6.00,0.03,5.97,12.36,0.12
"South Indian Bank",2024-06,6.00,0.03,5.97,3.25,0.01
"Bank of Baroda",2024-10,6.00,0.03,5.97,67.00,0.14
"Bank of Maharashtra",2025-08,6.00,0.04,5.96,13.14,0.03
"The South Indian Bank Limited",2026-01,6.00,0.04,5.96,4.92,0.02
"HDFC Bank Ltd.",2024-08,6.00,0.05,5.95,76.24,0.36
"The South Indian Bank Limited",2026-02,6.00,0.05,5.95,4.55,0.02
"HDFC Bank Ltd",2024-05,6.00,0.06,5.94,72.68,0.39
"Indian Bank",2024-08,6.00,0.07,5.93,27.73,0.17
"Axis Bank Ltd.",2024-10,6.00,0.07,5.93,49.68,1.15
"Bank Of Baroda",2026-04,6.00,0.08,5.92,98.31,0.49
"India Post Payments Bank Limited",2026-06,6.00,0.11,5.89,52.83,0.42
"Fino Payments Bank Ltd.",2026-03,6.00,0.20,5.80,16.51,0.17
"Fino Payments Bank Ltd.",2026-02,6.00,0.22,5.78,14.18,0.20
"The Jammu & Kashmir Bank Limited",2025-07,5.79,0.02,5.77,6.16,0.01
"Uco Bank",2026-05,6.00,0.31,5.69,20.59,0.43
"Rajasthan Marudhara Gramin Bank",2025-02,5.59,0.04,5.55,1.72,0.00
"Rajasthan Marudhara Gramin Bank",2025-01,5.43,0.03,5.40,1.73,0.00
"Andhra Pragathi Grameena Bank",2025-04,5.22,0.05,5.17,1.47,0.01
"Telangana Grameena Bank",2025-01,5.13,0.04,5.09,1.37,0.00
"Axis Bank Ltd.",2024-09,5.00,0.00,5.00,36.95,0.00
"Federal Bank Ltd.",2026-04,5.00,0.01,4.99,14.41,0.04
"Kotak Mahindra Bank",2024-12,5.00,0.01,4.99,43.60,0.03
"Axis Bank Ltd.",2024-02,5.00,0.01,4.99,27.91,0.10
"Hdfc Bank Ltd.",2026-04,5.00,0.02,4.98,83.49,0.21
"Yes Bank Ltd",2024-05,5.00,0.02,4.98,6.06,1.12
"ICICI Bank",2024-05,5.00,0.02,4.98,31.38,0.13
"The Jammu & Kashmir Bank Limited",2026-05,5.00,0.02,4.98,6.34,0.01
"Federal Bank Ltd.",2025-09,5.00,0.02,4.98,12.97,0.07
"Bank of Baroda",2025-08,5.00,0.03,4.97,68.48,0.16
"ICICI Bank Ltd.",2025-12,5.00,0.04,4.96,38.87,0.22
"NSDL Payments Bank Limited",2025-01,5.00,0.04,4.96,1.46,0.01
"Bank Of India",2026-05,5.00,0.04,4.96,37.47,0.12
"IDFC Bank Ltd.",2025-11,5.00,0.04,4.96,6.07,0.02
"HDFC Bank Ltd.",2026-01,5.00,0.06,4.94,82.56,0.67
"Yes Bank Ltd.",2024-07,5.00,0.06,4.94,6.17,3.44
"IDFC Bank Ltd.",2026-06,5.00,0.06,4.94,8.22,0.03
"Union Bank of India",2025-09,5.00,0.08,4.92,60.76,0.38
"Bank Of India",2026-01,5.00,0.09,4.91,34.37,0.27
"Karnataka Bank",2026-06,5.00,0.10,4.90,8.13,0.06
"City Union Bank",2026-01,5.00,0.14,4.86,3.00,0.04
"City Union Bank",2026-05,5.00,0.16,4.84,3.18,0.05
"RBL Bank",2024-02,10.06,5.34,4.72,1.54,2.81
"Baroda UP Gramin Bank",2024-03,15.22,10.54,4.68,3.40,1.18
"Rajasthan Marudhara Gramin Bank",2026-04,6.03,1.44,4.59,3.96,0.37
"Andhra Pragathi Grameena Bank",2024-10,11.34,6.88,4.46,2.49,0.72
"Karnataka Gramin Bank",2025-01,4.46,0.03,4.43,1.49,0.00
"Andhra Pragathi Grameena Bank",2024-12,11.16,6.78,4.38,2.91,0.80
"ESAF Small Finance Bank Ltd",2025-03,4.26,0.04,4.22,1.36,0.01
"Andhra Pragathi Grameena Bank",2025-06,4.26,0.06,4.20,1.26,0.01
"Baroda UP Gramin Bank",2024-04,15.41,11.26,4.15,3.46,1.24
"TELANGANA GRAMEENA BANK",2026-06,6.07,2.05,4.02,3.51,0.47
"Bank Of India",2026-04,4.00,0.01,3.99,28.50,0.03
"The South Indian Bank Limited",2025-12,4.00,0.01,3.99,3.26,0.01
"Federal Bank Ltd.",2025-10,4.00,0.01,3.99,10.93,0.04
"Bank of Baroda",2025-10,4.00,0.02,3.98,57.52,0.11
"Union Bank of India",2025-10,4.00,0.02,3.98,51.30,0.10
"Federal Bank",2024-04,4.00,0.03,3.97,8.26,0.11
"Bank of Baroda",2024-01,4.00,0.03,3.97,31.27,0.10
"ICICI Bank Ltd.",2026-06,4.00,0.03,3.97,30.64,0.13
"Federal Bank Ltd.",2026-05,4.00,0.04,3.96,12.04,0.16
"The Jammu & Kashmir Bank Limited",2026-04,4.00,0.05,3.95,4.66,0.03
"Idfc Bank Ltd.",2026-04,4.00,0.05,3.95,5.76,0.03
"State Bank of India",2026-02,4.00,0.06,3.94,220.72,1.22
"South Indian Bank",2024-03,4.00,0.06,3.94,2.12,0.02
"IDFC First Bank",2024-05,4.00,0.07,3.93,3.48,0.03
"Bank of Baroda",2024-11,4.00,0.07,3.93,41.43,0.29
"Federal bank Ltd.",2024-07,4.00,0.09,3.91,8.58,0.36
"Andhra Pragathi Grameena Bank",2025-03,3.91,0.02,3.89,1.10,0.00
"Telangana Grameena Bank",2025-02,3.81,0.02,3.79,1.19,0.00
"Equitas Bank",2024-02,4.00,0.25,3.75,1.16,0.03
"Andhra Pragathi Grameena Bank",2025-07,3.78,0.03,3.75,1.21,0.00
"Baroda Uttar Pradesh Gramin Bank",2024-06,15.42,11.68,3.74,3.71,1.37
"India Post Payment Bank",2024-01,5.14,1.45,3.69,13.63,1.64
"Baroda U.P. Bank",2026-03,10.17,6.55,3.62,9.16,3.00
"Karnataka Gramin Bank (Erstwhile Pragathi Krishna Gramin Bank)",2024-08,7.83,4.26,3.57,2.36,0.59
"Andhra Pragathi Grameena Bank",2025-02,3.53,0.02,3.51,0.84,0.00
"Telangana Grameena Bank",2025-03,3.42,0.02,3.40,1.27,0.00
"NSDL Payments Bank Limited",2026-02,4.88,1.60,3.28,3.32,1.77
"Baroda U.P. Bank",2025-01,3.23,0.02,3.21,1.16,0.00
"Slice Small Finance Bank Limited",2026-05,7.00,3.82,3.18,6.02,1.54
"Central Bank Of India",2024-02,7.80,4.71,3.09,13.99,4.00
"The Jammu & Kashmir Bank Limited",2024-11,4.29,1.27,3.02,3.28,0.53
"Axis Bank Ltd.",2024-04,3.00,0.00,3.00,18.27,0.00
"Federal bank Ltd.",2024-08,3.00,0.01,2.99,6.64,0.04
"Axis Bank Ltd.",2024-12,3.00,0.01,2.99,24.30,0.17
"Federal Bank Ltd.",2026-01,3.00,0.01,2.99,8.71,0.04
"Federal Bank Ltd.",2026-06,3.00,0.01,2.99,8.75,0.04
"HDFC Bank Ltd.",2025-12,3.00,0.02,2.98,49.63,0.22
"Paytm Payments Bank",2024-03,3.00,0.02,2.98,2.95,0.50
"Federal Bank Ltd.",2025-11,3.00,0.03,2.97,8.10,0.11
"Kotak Mahindra Bank",2025-10,3.00,0.03,2.97,30.93,0.12
"IDFC Bank Ltd.",2024-12,3.00,0.05,2.95,3.02,0.02
"Idfc Bank Ltd.",2026-05,3.00,0.05,2.95,5.01,0.03
"IDFC Bank Ltd.",2025-12,3.00,0.08,2.92,3.80,0.04
"Idfc Bank Ltd.",2026-03,3.00,0.08,2.92,4.91,0.05
"IDFC Bank Ltd.",2025-09,3.00,0.10,2.90,3.43,0.05
"Andhra Pragathi Grameena Bank",2025-05,2.85,0.02,2.83,0.82,0.00
"IDFC FIRST Bank",2024-01,3.00,0.18,2.82,2.22,0.07
"Telangana Grameena Bank",2025-06,2.79,0.00,2.79,1.15,0.00
"Karnataka Gramin Bank",2025-04,2.80,0.03,2.77,0.97,0.00
"Maharashtra Gramin Bank",2025-04,2.73,0.02,2.71,0.97,0.00
"Telangana Grameena Bank",2026-04,3.09,0.38,2.71,1.64,0.09
"The Jammu & Kashmir Bank Limited",2024-12,3.89,1.25,2.64,3.18,0.55
"Nsdl Payments Bank Limited",2026-04,3.67,1.06,2.61,2.95,1.25
"Karnataka Gramin Bank",2025-06,2.56,0.02,2.54,0.88,0.00
"Punjab and Sind Bank",2024-04,9.01,6.48,2.53,3.11,0.94
"Andhra Pragathi Grameena Bank",2024-04,5.92,3.40,2.52,1.08,0.32
"Baroda U.P. Bank",2025-03,2.51,0.02,2.49,1.08,0.00
"Andhra Pragathi Grameena Bank",2024-06,6.28,3.81,2.47,1.15,0.34
"Bandhan Bank limited",2025-03,2.48,0.02,2.46,2.06,0.01
"Bank Of India",2025-07,2.44,0.02,2.42,14.79,0.05
"Airtel Payments Bank Limited",2025-02,2.41,0.01,2.40,11.92,0.03
"Rajasthan Marudhara Gramin Bank",2025-07,2.38,0.02,2.36,0.86,0.00
"The Jammu & Kashmir Bank Limited",2025-02,2.36,0.01,2.35,1.90,0.00
"Rajasthan Gramin Bank",2025-11,2.83,0.60,2.23,1.39,0.13
"Central Bank Of India",2024-01,5.18,2.97,2.21,9.24,2.53
"JIO Payments Bank Ltd",2025-12,2.75,0.56,2.19,2.35,0.49
"Baroda U.P. Bank",2025-08,7.63,5.50,2.13,4.10,1.38
"Central Bank Of India",2024-04,3.83,1.73,2.10,7.68,1.59
"Kerala Gramin Bank",2024-11,5.89,3.80,2.09,2.35,0.83
"Andhra Pradesh Grameena Vikas Bank",2024-11,5.67,3.61,2.06,1.80,0.52
"Bandhan Bank limited",2025-02,2.05,0.01,2.04,1.53,0.00
"Baroda U.P. Bank",2026-02,7.26,5.22,2.04,5.47,2.01
"Rajasthan Gramin Bank",2025-12,3.29,1.26,2.03,1.81,0.29
"Baroda U.P. Bank",2025-05,2.04,0.01,2.03,0.93,0.00
"Rajasthan Marudhara Gramin Bank",2024-03,4.78,2.77,2.01,1.19,0.33
"Axis Bank Ltd.",2025-08,2.00,0.00,2.00,18.06,0.00
"Axis Bank Ltd.",2024-06,2.00,0.00,2.00,13.04,0.00
"Maharashtra Gramin Bank",2025-02,2.01,0.02,1.99,0.61,0.00
"Bandhan Bank limited",2025-01,2.01,0.02,1.99,1.58,0.01
"AU Small Finance Bank",2024-06,2.00,0.01,1.99,0.93,0.00
"Icici Bank Ltd.",2026-05,2.00,0.01,1.99,15.91,0.04
"HDFC Bank Ltd.",2025-10,2.00,0.01,1.99,32.78,0.11
"HDFC BANK LTD",2024-09,2.00,0.01,1.99,25.35,0.07
"AU small Finance Bank",2024-08,2.00,0.02,1.98,1.39,0.01
"South Indian Bank",2024-02,2.00,0.02,1.98,0.98,0.01
"UCO Bank",2026-01,2.00,0.02,1.98,6.33,0.03
"Indian Overseas Bank",2026-03,2.00,0.02,1.98,8.35,0.03
"Indian Overseas Bank",2026-05,2.00,0.02,1.98,8.75,0.04
"IDFC Bank Ltd.",2026-01,2.00,0.04,1.96,2.62,0.02
"Hdfc Bank Ltd.",2026-05,2.00,0.05,1.95,34.71,0.55
"AU Small Finance Bank",2024-07,2.00,0.08,1.92,0.97,0.02
"ICICI Bank Ltd.",2024-07,2.00,0.09,1.91,12.59,0.54
"HDFC Bank Ltd.",2025-11,2.00,0.09,1.91,31.76,0.94
"Indian Bank",2024-07,2.00,0.13,1.87,8.99,0.32
"Central Bank Of India",2024-03,3.33,1.46,1.87,6.67,1.36
"Baroda UP Gramin Bank",2024-02,8.19,6.34,1.85,1.40,0.58
"Baroda U.P. Bank",2025-02,1.84,0.01,1.83,0.65,0.00
"Andhra Pragathi Grameena Bank",2024-11,5.89,4.12,1.77,1.27,0.43
"Pragathi Krishna Gramin Bank",2024-09,3.57,1.81,1.76,1.03,0.25
"DBS Bank India Limited",2024-09,2.00,0.26,1.74,0.56,0.03
"JIO Payments Bank Ltd",2025-08,3.55,1.83,1.72,2.17,0.96
"Rajasthan Marudhara Gramin Bank",2025-03,1.71,0.01,1.70,0.59,0.00
"Rajasthan Marudhara Gramin Bank",2024-11,2.26,0.56,1.70,0.60,0.06
"Maharashtra Gramin Bank",2025-01,1.69,0.01,1.68,0.53,0.00
"Baroda U.P. Bank",2025-07,1.68,0.01,1.67,0.81,0.00
"ESAF Small Finance Bank Ltd.",2024-01,6.37,4.71,1.66,1.33,0.49
"Pragathi Krishna Gramin Bank",2024-04,3.72,2.07,1.65,1.00,0.27
"India Post Payment Bank",2024-02,3.81,2.16,1.65,10.33,2.58
"JIO Payments Bank Ltd",2025-01,1.63,0.00,1.63,0.63,0.00
"Rajasthan Marudhara Gramin Bank",2026-01,1.99,0.36,1.63,1.14,0.09
"Kerala Gramin Bank",2025-07,1.64,0.01,1.63,0.77,0.00
"Karnataka Gramin Bank",2024-12,4.36,2.74,1.62,1.43,0.42
"NSDL Payments Bank Limited",2025-12,2.19,0.57,1.62,1.47,0.56
"India Post Payment Bank",2024-03,5.98,4.38,1.60,18.67,5.76
"Kerala Gramin Bank",2025-06,1.58,0.01,1.57,0.68,0.00
"Rajasthan Marudhara Gramin Bank",2024-10,4.91,3.34,1.57,1.44,0.42
"ESAF Small Finance Bank Ltd",2025-02,1.57,0.01,1.56,0.45,0.00
"Pragathi Krishna Gramin Bank",2024-02,3.64,2.09,1.55,0.84,0.24
"Maharashtra Gramin Bank",2025-07,1.56,0.02,1.54,0.58,0.00
"Telangana Grameena Bank",2025-07,1.54,0.01,1.53,0.62,0.00
"Maharashtra Gramin Bank",2025-05,1.52,0.01,1.51,0.53,0.00
"India Post Payments Bank Ltd.",2025-01,1.51,0.01,1.50,7.50,0.02
"Maharashtra Gramin Bank",2025-03,1.50,0.01,1.49,0.53,0.00
"Bandhan Bank",2024-01,6.32,4.85,1.47,3.11,1.39
"Rajasthan Marudhara Gramin Bank",2025-06,1.47,0.00,1.47,0.49,0.00
"Rajasthan Marudhara Gramin Bank",2024-06,2.22,0.76,1.46,0.56,0.08
"Pragathi Krishna Gramin Bank",2024-05,3.00,1.56,1.44,0.83,0.21
"Kerala Gramin Bank",2025-09,5.88,4.44,1.44,2.94,1.26
"Kerala Gramin Bank",2024-12,4.95,3.54,1.41,2.04,0.82
"Baroda U.P. Bank",2025-04,1.40,0.01,1.39,0.60,0.00
"Uttar Pradesh Gramin Bank",2025-11,3.50,2.11,1.39,2.28,0.69
"JIO Payments Bank Ltd",2025-07,1.39,0.01,1.38,0.81,0.00
"Punjab and Sind Bank",2024-03,4.18,2.81,1.37,1.54,0.46
"Andhra Pradesh Grameena Vikas Bank",2024-05,2.02,0.67,1.35,0.60,0.09
"Karnataka Gramin Bank",2025-05,1.36,0.01,1.35,0.47,0.00
"NSDL Payments Bank Limited",2025-04,1.32,0.00,1.32,0.44,0.00
"Karnataka Gramin Bank",2025-02,1.32,0.01,1.31,0.41,0.00
"Kerala Gramin Bank",2025-03,1.32,0.01,1.31,0.57,0.00
"Uttar Pradesh Gramin Bank",2025-10,4.61,3.30,1.31,2.83,1.01
"Karur Vysya Bank",2024-03,2.51,1.21,1.30,1.70,0.43
"Baroda U.P. Bank",2026-05,4.91,3.61,1.30,4.54,1.77
"NSDL Payments Bank Limited",2026-01,1.80,0.51,1.29,1.30,0.60
"Bank Of India",2025-06,1.30,0.01,1.29,7.42,0.02
"Andhra Pragathi Grameena Bank",2024-05,3.38,2.10,1.28,0.62,0.19
"Karnataka Gramin Bank",2025-10,3.82,2.54,1.28,1.71,0.55
"Sarva Haryana Gramin Bank",2024-09,4.47,3.19,1.28,0.88,0.27
"Tamilnad Mercantile Bank Limited",2025-07,1.27,0.01,1.26,0.71,0.00
"Andhra Pradesh Grameena Vikas Bank",2024-03,3.15,1.89,1.26,0.91,0.26
"Karnataka Bank",2025-04,1.27,0.02,1.25,1.74,0.01
"Maharashtra Gramin Bank",2026-06,3.00,1.75,1.25,1.33,0.32
"Jammu and Kashmir Bank",2024-05,1.60,0.35,1.25,1.06,0.11
"IDBI Bank Limited",2024-01,2.98,1.74,1.24,4.22,1.08
"Karnataka Gramin Bank (Erstwhile Pragathi Krishna Gramin Bank)",2024-07,3.13,1.89,1.24,0.90,0.26
"JIO Payments Bank Ltd",2025-11,1.97,0.74,1.23,1.49,0.56
"Sarva Haryana Gramin Bank",2024-08,5.70,4.48,1.22,1.16,0.39
"Baroda U.P. Bank",2025-06,1.23,0.01,1.22,0.54,0.00
"Baroda U.P. Bank",2026-04,3.33,2.12,1.21,2.86,0.95
"ESAF Small Finance Bank Ltd.",2024-02,3.99,2.78,1.21,0.82,0.28
"Telangana Grameena Bank",2025-04,1.21,0.01,1.20,0.44,0.00
"Rajasthan Marudhara Gramin Bank",2026-02,1.86,0.66,1.20,1.05,0.15
"India Post Payments Bank Ltd",2024-06,2.00,0.80,1.20,6.38,1.10
"Andhra Pradesh Grameena Vikas Bank",2024-04,1.78,0.59,1.19,0.52,0.08
"Kerala Gramin Bank",2025-04,1.20,0.01,1.19,0.50,0.00
"Uttar Pradesh Gramin Bank",2025-12,4.06,2.88,1.18,2.90,1.05
"The Jammu & Kashmir Bank Limited",2025-05,1.18,0.00,1.18,1.14,0.00
"Indian Overseas Bank",2024-09,2.71,1.53,1.18,6.00,1.65
"Ujjivan Small Finance Bank Limited",2025-07,1.16,0.01,1.15,0.64,0.00
"Karnataka Gramin Bank",2025-03,1.16,0.01,1.15,0.42,0.00
"Nsdl Payments Bank Limited",2026-03,1.63,0.48,1.15,1.28,0.63
"Telangana Grameena Bank",2025-11,1.57,0.42,1.15,0.70,0.09
"AU Small Finance Bank",2025-01,1.15,0.01,1.14,0.80,0.00
"India Post Payments Bank Ltd.",2025-02,1.13,0.00,1.13,5.52,0.00
"The Jammu & Kashmir Bank Limited",2025-03,1.14,0.01,1.13,1.01,0.01
"Rajasthan Marudhara Gramin Bank",2026-06,1.52,0.40,1.12,1.06,0.11
"Rajasthan Marudhara Gramin Bank",2024-12,1.79,0.68,1.11,0.53,0.08
"Bank of Baroda",2024-04,1.59,0.49,1.10,14.28,1.84
"TELANGANA GRAMEENA BANK",2026-01,2.34,1.25,1.09,1.14,0.27
"Pragathi Krishna Gramin Bank",2024-03,2.10,1.04,1.06,0.55,0.13
"The Jammu & Kashmir Bank Limited",2025-04,1.05,0.00,1.05,0.99,0.00
"Punjab and Sind Bank",2025-06,1.06,0.01,1.05,0.58,0.00
"JIO Payments Bank Ltd",2025-06,1.01,0.00,1.01,0.53,0.00
"Kerala Gramin Bank",2025-05,1.02,0.01,1.01,0.45,0.00
"Axis Bank Ltd.",2026-04,1.00,0.00,1.00,10.17,0.00
"Kotak Mahindra Bank",2026-04,1.00,0.00,1.00,11.24,0.00
"Kerala Gramin Bank",2025-01,1.01,0.01,1.00,0.42,0.00
"Pragathi Krishna Gramin Bank",2024-06,1.83,0.83,1.00,0.49,0.11
"Axis Bank Ltd.",2026-06,1.00,0.00,1.00,10.27,0.00
"Axis Bank Ltd.",2024-03,1.00,0.00,1.00,6.30,0.00
"Axis Bank Ltd.",2026-05,1.00,0.00,1.00,10.57,0.00
"Kotak Mahindra Bank",2026-05,1.00,0.00,1.00,11.64,0.00
"HDFC Bank Ltd.",2025-08,1.00,0.01,0.99,15.81,0.10
"Axis Bank Ltd.",2025-12,1.00,0.01,0.99,11.07,0.22
"Kotak Mahindra Bank",2025-12,1.00,0.01,0.99,10.76,0.04
"Bank of Baroda",2026-01,1.00,0.01,0.99,15.42,0.06
"HDFC Bank Ltd.",2026-06,1.00,0.01,0.99,16.75,0.11
"Kotak Mahindra Bank",2026-06,1.00,0.01,0.99,11.34,0.05
"Bank of Maharashtra",2024-03,4.83,3.84,0.99,7.41,2.35
"Kerala Gramin Bank",2024-08,2.87,1.89,0.98,1.00,0.35
"Kerala Gramin Bank",2025-08,2.69,1.71,0.98,1.37,0.50
"Paytm Payments Bank",2024-02,1.00,0.02,0.98,2.94,0.51
"Indian Bank",2026-02,1.00,0.02,0.98,7.03,0.06
"HDFC BANK LTD",2024-03,1.00,0.02,0.98,11.59,0.13
"Bank Of India",2025-05,0.99,0.01,0.98,5.81,0.03
"Axis Bank Ltd.",2025-09,1.00,0.02,0.98,9.02,0.40
"Paytm Payments Bank",2024-01,1.00,0.03,0.97,4.10,0.86
"Bank of Maharashtra",2026-01,1.00,0.03,0.97,2.46,0.03
"Union Bank Of India",2026-05,1.00,0.04,0.96,15.09,0.22
"Karnataka Gramin Bank",2025-11,2.29,1.33,0.96,1.10,0.32
"Bandhan Bank",2024-02,4.04,3.09,0.95,1.99,0.90
"Bank of Baroda",2026-02,1.00,0.05,0.95,14.60,0.28
"Andhra Pradesh Grameena Vikas Bank",2024-10,1.39,0.44,0.95,0.46,0.07
"HDFC Bank Ltd.",2025-09,1.00,0.06,0.94,15.36,0.60
"NSDL Payments Bank Limited",2025-09,1.40,0.46,0.94,0.71,0.23
"Ujjivan Small Finance Bank Limited",2025-04,0.94,0.01,0.93,0.49,0.00
"Union Bank of India",2026-02,1.00,0.07,0.93,12.85,0.34
"Kerala Gramin Bank",2024-02,2.88,1.96,0.92,0.73,0.27
"UCO Bank",2024-01,4.16,3.24,0.92,6.34,2.38
"ICICI Bank Ltd.",2025-10,1.00,0.08,0.92,7.70,0.46
"Kerala Gramin Bank",2024-09,2.15,1.23,0.92,0.75,0.23
"Bank Of India",2025-04,0.92,0.01,0.91,5.32,0.02
"Baroda U.P. Bank",2026-06,3.65,2.74,0.91,3.42,1.33
"NSDL Payments Bank Limited",2025-08,1.30,0.40,0.90,0.67,0.24
"Telangana Grameena Bank",2025-08,2.47,1.58,0.89,1.00,0.29
"IDBI Bank Limited",2024-02,6.56,5.67,0.89,9.07,3.45
"Jammu and Kashmir Bank",2024-01,1.24,0.35,0.89,0.55,0.06
"NSDL Payments Bank Limited",2025-07,0.89,0.00,0.89,0.41,0.00
"State Bank of India",2025-03,0.90,0.01,0.89,44.60,0.19
"Jammu and Kashmir Bank",2024-04,1.16,0.28,0.88,0.68,0.08
"Karnataka Gramin Bank",2025-07,0.88,0.00,0.88,0.31,0.00
"Bank of Maharashtra",2026-02,1.00,0.13,0.87,2.30,0.11
"Fino Payments Bank Ltd.",2025-06,0.88,0.01,0.87,1.84,0.01
"Punjab and Sind Bank",2025-07,0.87,0.01,0.86,0.50,0.00
"Rajasthan Marudhara Gramin Bank",2024-09,2.83,1.97,0.86,0.73,0.22
"ICICI Bank Ltd.",2025-09,1.00,0.14,0.86,7.30,0.77
"Rajasthan Marudhara Gramin Bank",2024-08,2.58,1.74,0.84,0.61,0.18
"State Bank of India",2025-01,0.84,0.00,0.84,39.18,0.00
"Central Bank of India",2025-01,0.85,0.01,0.84,2.09,0.01
"State Bank Of India",2024-10,1.61,0.77,0.84,72.10,12.84
"Indian Overseas Bank",2024-10,2.19,1.36,0.83,5.34,1.66
"Jammu and Kashmir Bank",2024-02,1.30,0.48,0.82,0.61,0.10
"Bank Of India",2025-02,0.83,0.01,0.82,4.35,0.02
"Maharashtra Gramin Bank",2025-06,0.85,0.03,0.82,0.29,0.00
"Indian Overseas Bank",2025-11,2.05,1.23,0.82,7.26,2.24
"Karnataka Gramin Bank",2026-04,2.58,1.77,0.81,1.58,0.48
"Central Bank of India",2025-07,0.81,0.01,0.80,2.37,0.01
"Karur Vysya Bank",2025-07,0.81,0.01,0.80,0.77,0.00
"Central Bank Of India",2024-05,1.57,0.77,0.80,3.24,0.73
"The Jammu & Kashmir Bank Limited",2025-11,1.23,0.43,0.80,1.26,0.25
"RBL Bank Ltd.",2025-02,0.79,0.00,0.79,0.23,0.00
"The Jammu & Kashmir Bank Limited",2025-10,1.32,0.53,0.79,1.37,0.30
"Indian Overseas Bank",2024-02,1.84,1.07,0.77,3.10,0.84
"Central Bank Of India",2024-09,1.45,0.69,0.76,3.18,0.86
"Indian Overseas Bank",2025-07,0.76,0.01,0.75,2.45,0.01
"State Bank of India",2025-04,0.75,0.01,0.74,36.38,0.18
"NSDL Payments Bank Limited",2025-06,0.74,0.00,0.74,0.29,0.00
"JIO Payments Bank Ltd",2025-05,0.74,0.00,0.74,0.39,0.00
"Kotak Mahindra Bank",2024-04,1.78,1.05,0.73,12.91,2.97
"The Jammu & Kashmir Bank Limited",2025-06,0.73,0.00,0.73,0.71,0.00
"Central Bank of India",2024-06,1.74,1.02,0.72,3.52,0.96
"Union Bank of India",2024-02,1.68,0.97,0.71,12.67,3.13
"The Jammu & Kashmir Bank Limited",2025-08,1.17,0.47,0.70,1.16,0.25
"TELANGANA GRAMEENA BANK",2026-02,1.33,0.63,0.70,0.60,0.13
"Telangana Grameena Bank",2025-05,0.70,0.00,0.70,0.26,0.00
"Union Bank of India",2025-01,0.68,0.00,0.68,7.39,0.00
"Andhra Pragathi Grameena Bank",2025-08,3.77,3.10,0.67,1.21,0.45
"India Post Payments Bank Ltd",2024-07,2.38,1.71,0.67,8.00,2.48
"AU Small Finance Bank",2025-07,0.68,0.01,0.67,0.53,0.00
"RBL Bank Ltd.",2025-05,0.67,0.00,0.67,0.24,0.00
"Bandhan Bank limited",2025-07,0.67,0.01,0.66,0.60,0.01
"Indian Overseas Bank",2024-06,1.48,0.82,0.66,2.92,0.76
"Telangana Grameena Bank",2026-05,1.57,0.91,0.66,0.86,0.22
"Kerala Gramin Bank",2024-04,1.42,0.77,0.65,0.39,0.11
"Andhra Pradesh Grameena Vikas Bank",2024-06,2.28,1.63,0.65,0.67,0.22
"Maharashtra Gramin Bank",2024-01,4.26,3.62,0.64,0.97,0.39
"Fino Payments Bank Ltd.",2025-07,0.64,0.00,0.64,1.43,0.00
"Indian Overseas Bank",2024-03,2.42,1.78,0.64,4.55,1.56
"Central Bank of India",2025-04,0.64,0.01,0.63,1.67,0.01
"Bandhan Bank limited",2025-04,0.64,0.01,0.63,0.53,0.00
"Kerala Gramin Bank",2025-02,0.63,0.00,0.63,0.25,0.00
"Maharashtra Gramin Bank",2024-06,1.61,0.98,0.63,0.41,0.11
"Indusind Bank Ltd.",2025-06,0.64,0.01,0.63,1.26,0.02
"JIO Payments Bank Ltd",2025-02,0.62,0.00,0.62,0.25,0.00
"Punjab and Sind Bank",2025-03,0.63,0.01,0.62,0.35,0.00
"Maharashtra Gramin Bank",2026-03,3.46,2.84,0.62,1.54,0.53
"Rajasthan Marudhara Gramin Bank",2025-05,0.62,0.00,0.62,0.20,0.00
"State Bank of India",2025-07,0.61,0.00,0.61,31.81,0.00
"AU Small Finance Bank",2025-08,2.33,1.73,0.60,1.85,0.61
"Karnataka Bank",2025-03,0.61,0.01,0.60,0.88,0.01
"Ujjivan Small Finance Bank Limited",2025-03,0.60,0.00,0.60,0.32,0.00
"The South Indian Bank Limited",2025-02,0.60,0.01,0.59,0.38,0.00
"Telangana Grameena Bank",2026-03,1.84,1.25,0.59,0.97,0.29
"Central Bank Of India",2026-05,1.54,0.95,0.59,6.62,1.72
"JIO Payments Bank Ltd",2025-04,0.58,0.00,0.58,0.29,0.00
"Punjab and Sind Bank",2025-02,0.59,0.01,0.58,0.29,0.00
"Bank Of India",2025-03,0.58,0.00,0.58,3.45,0.00
"Bank of India",2024-05,1.68,1.10,0.58,7.64,2.24
"NSDL Payments Bank Limited",2024-11,1.31,0.73,0.58,0.32,0.08
"Telangana Grameena Bank",2025-09,2.44,1.87,0.57,0.97,0.35
"Indian Overseas Bank",2024-01,1.31,0.75,0.56,2.16,0.58
"Maharashtra Gramin Bank",2025-12,1.52,0.97,0.55,0.60,0.16
"Andhra Pradesh Grameena Vikas Bank",2024-09,1.23,0.68,0.55,0.37,0.09
"NSDL Payments Bank Limited",2024-12,1.40,0.86,0.54,0.39,0.10
"State Bank of India",2025-06,0.54,0.00,0.54,26.55,0.00
"Union Bank of India",2024-03,1.40,0.86,0.54,11.88,3.07
"Central Bank Of India",2026-04,1.39,0.86,0.53,5.68,1.50
"Karur Vysya Bank",2024-08,1.30,0.77,0.53,0.96,0.36
"Equitas Small Finance Bank",2025-02,0.54,0.01,0.53,0.15,0.00
"Punjab and Sind Bank",2025-05,0.53,0.00,0.53,0.30,0.00
"Maharashtra Gramin Bank",2024-10,2.27,1.74,0.53,0.68,0.24
"Central Bank of India",2025-02,0.52,0.00,0.52,1.22,0.00
"RBL Bank Ltd.",2025-03,0.53,0.01,0.52,0.19,0.01
"Central Bank of India",2025-05,0.52,0.00,0.52,1.38,0.00
"Central Bank of India",2024-11,1.07,0.55,0.52,2.39,0.58
"Baroda UP Gramin Bank",2024-10,1.48,0.96,0.52,0.46,0.15
"Karur Vysya Bank",2024-09,1.25,0.73,0.52,0.92,0.28
"India Post Payment Bank",2024-04,1.16,0.65,0.51,3.13,0.73
"Tamilnad Mercantile Bank Limited",2025-03,0.52,0.01,0.51,0.27,0.00
"Bank of Maharashtra",2025-02,0.50,0.00,0.50,0.92,0.00
"Tamilnad Mercantile Bank Limited",2025-02,0.50,0.00,0.50,0.23,0.00
"Ujjivan Small Finance Bank",2024-01,1.59,1.09,0.50,0.61,0.21
"Bank of Baroda",2024-02,1.03,0.54,0.49,8.10,1.82
"Airtel Payments Bank",2024-01,1.07,0.58,0.49,3.61,1.07
"Andhra Pradesh Grameena Bank",2025-11,1.56,1.07,0.49,0.49,0.16
"RBL Bank Ltd.",2025-07,0.48,0.00,0.48,0.15,0.00
"Bandhan Bank limited",2025-06,0.49,0.01,0.48,0.42,0.00
"Bank of India",2024-04,1.31,0.84,0.47,5.76,1.66
"Union Bank of India",2025-04,0.47,0.00,0.47,5.36,0.00
"IDBI Bank Ltd.",2025-05,0.47,0.00,0.47,0.94,0.00
"Karnataka Gramin Bank",2026-05,1.69,1.22,0.47,1.07,0.35
"Andhra Pragathi Grameena Bank",2025-09,3.22,2.75,0.47,1.01,0.39
"Airtel Payments Bank Limited",2025-04,0.46,0.00,0.46,2.61,0.00
"Punjab and Sind Bank",2025-04,0.47,0.01,0.46,0.26,0.00
"Karnataka Bank",2025-02,0.47,0.01,0.46,0.60,0.01
"Kerala Gramin Bank",2024-07,1.85,1.39,0.46,0.59,0.24
"ESAF SMALL FINANCE BANK LTD",2026-06,2.03,1.57,0.46,0.76,0.27
"Kerala Gramin Bank",2024-05,1.37,0.91,0.46,0.40,0.14
"RBL Bank Ltd.",2025-04,0.45,0.00,0.45,0.16,0.00
"Baroda U.P. Bank",2024-12,1.29,0.84,0.45,0.43,0.14
"Indian Overseas Bank",2025-06,0.45,0.00,0.45,1.34,0.00
"NSDL Payments Bank Limited",2025-05,0.45,0.00,0.45,0.16,0.00
"Canara Bank",2025-02,0.44,0.00,0.44,3.52,0.00
"Airtel Payments Bank Limited",2025-01,0.45,0.01,0.44,2.49,0.04
"Indian Overseas Bank",2024-04,1.74,1.31,0.43,3.27,1.14
"Equitas Small Finance Bank",2025-04,0.44,0.01,0.43,0.13,0.00
"Karnataka Gramin Bank",2025-08,1.26,0.83,0.43,0.44,0.14
"AU Small Finance Bank",2025-02,0.43,0.00,0.43,0.29,0.00
"Esaf Small Finance Bank Ltd",2026-04,1.69,1.27,0.42,0.62,0.21
"Central Bank of India",2025-06,0.42,0.00,0.42,1.12,0.00
"Karnataka Gramin Bank",2026-06,1.42,1.00,0.42,0.88,0.28
"Airtel Payments Bank Limited",2025-05,0.42,0.00,0.42,2.41,0.00
"Maharashtra Gramin Bank",2026-04,1.17,0.76,0.41,0.52,0.14
"Kotak Mahindra Bank",2024-02,1.42,1.01,0.41,8.66,2.45
"India Post Payments Bank Limited",2025-06,0.41,0.00,0.41,2.38,0.00
"Tri O Tech Solutions Private Limited",2025-11,0.00,0.41,-0.41,0.00,0.28
"India Post Payments Bank Limited",2025-09,1.44,1.91,-0.47,9.47,5.54
"Karnataka Bank",2024-11,1.01,1.51,-0.50,1.24,0.87
"Tri O Tech Solutions Private Limited",2024-01,0.00,0.60,-0.60,0.00,0.11
"Maharashtra Gramin Bank",2024-09,1.23,1.84,-0.61,0.32,0.22
"Maharashtra Gramin Bank",2025-08,2.44,3.11,-0.67,0.93,0.50
"Indian Overseas Bank",2025-12,1.01,2.00,-0.99,3.78,3.82
"Rajasthan Marudhara Gramin Bank",2024-07,10.47,12.15,-1.68,2.68,1.41
"Maharashtra Gramin Bank",2024-07,11.07,14.68,-3.61,2.83,1.80
"Andhra Pradesh Grameena Vikas Bank",2024-12,1.64,6.01,-4.37,0.49,0.85
"Andhra Pragathi Grameena Bank",2024-07,7.99,12.37,-4.38,1.44,1.19
"Pragathi Krishna Gramin Bank",2024-01,10.41,15.40,-4.99,2.55,2.05
"Kerala Gramin Bank",2024-01,3.96,10.46,-6.50,0.93,1.50
"Rajasthan Marudhara Gramin Bank",2025-08,2.69,13.80,-11.11,0.88,2.05
"Maharashtra Gramin Bank",2025-09,3.12,16.76,-13.64,0.95,2.48
"Karnataka Gramin Bank",2025-09,5.85,20.89,-15.04,1.82,5.25
